{"title":"校园卡政策对比","grey":true,"content":[{"tag":"text","heading":" ","text":"   相信已经报道的新生同学一定已经发现，每一家运营商都推出了针对新生同学的手机卡。那么应部分新生的要求，Mr.Hope为你整理并对比一下，手机卡的政策。此页为2018年的政策，可能与最新政策不符。"},{"tag":"list","header":"运营商","content":[{"text":"中国联通","path":"sim/unicom"},{"text":"中国移动","path":"sim/mobile"},{"text":"中国电信","path":"sim/telecom"}]},{"tag":"footer","author":"Mr.Hope","time":"2019/4/9"}],"images":[],"id":"sim/index"}