{"title":"移动卡政策","content":[{"tag":"text","type":"p","text":["中国移动针对新生同学们推出了三种不同的卡规格，分别是每个月38元、49元和19元。"],"style":"text-indent: 1.5em; "},{"tag":"title","text":"38元不限量"},{"tag":"text","heading":"套餐说明：","type":"p","text":["月租38元，全国不限流量，且每月赠送40G校区流量、300分钟全国通话。"],"style":"text-indent: 1.5em; "},{"tag":"text","heading":"其他说明：","type":"p","text":["校区内优先使用校区流量(限定基站)，当全国流量超过20G开始限速。该卡享有对同期办理的移动卡每月省内2000分钟免费通话。"],"style":"text-indent: 1.5em; "},{"tag":"text","heading":"套餐外政策:","text":["   语音：￥0.19/分钟，有来电显示\n   短信：￥0.1/条"]},{"tag":"text","heading":"话费：","text":["   激活后卡内附赠200元卡费，分四个月到账，每个月50元。\n   可以在活动现场存50得100(50元立即到账，赠送话费分五个月每月10元返还)或者存100得200(100元立即到账，赠送话费分五个月每月20元返还)"]},{"tag":"text","heading":"点评：","text":["缺点：\n   如果是经常给家里打电话的同学，请不要选择这款。不然将近0.2元/分钟的话费是所有运营商里最贵的。"]},{"tag":"title","text":"49元 全国不限量"},{"tag":"text","heading":"套餐说明","type":"p","text":["月租49元，全国不限流量，并送每月60G校区流量、1000分钟的全国通话。"],"style":"text-indent: 1.5em; "},{"tag":"text","heading":"其他说明","type":"p","text":["校区内优先使用校区流量(限定基站)，当全国流量超过20G开始限速。该卡享有对同期办理的移动卡每月省内2000分钟免费通话。"],"style":"text-indent: 1.5em; "},{"tag":"text","heading":"套餐外政策：","text":["   语音：￥0.19/分钟，有来电显示。\n   信息：￥0.1/条"]},{"tag":"text","heading":"话费：","text":["   激活后卡内附赠200元卡费，分四个月到账，每个月50元。\n   可以在活动现场存50得100(50元立即到账，赠送话费分五个月每月10元返还)或者存100得200(100元立即到账，赠送话费分五个月每月20元返还)"]},{"tag":"text","heading":"点评","type":"p","text":["该卡通过提升每月11元的价格，增长了700分钟通话时长，弥补了上一张卡的不足。"],"style":"text-indent: 1.5em; "},{"tag":"title","text":"19元流量神卡"},{"tag":"text","heading":"套餐说明","type":"p","text":["月租19元。"],"style":"text-indent: 1.5em; "},{"tag":"text","heading":"其他说明","type":"p","text":["拥有30G视频定向流量(咪咕、优酷、爱奇艺、PPTV四选一)。"],"style":"text-indent: 1.5em; "},{"tag":"text","heading":"套餐外政策","text":["   语音：￥0.19/分钟(次月返还50%消费额)，有来电显示。\n   信息：￥0.1/条\n   1元1G国内流量(仅当日有效)"]},{"tag":"text","heading":"话费：","type":"p","text":["激活后卡内附赠200元卡费，分四个月到账，每个月50元。"],"style":"text-indent: 1.5em; "},{"tag":"text","heading":"点评：","text":["优点：\n   该卡月租最低，是轻量使用用户的首选。\n缺点：\n   套餐内没有任何的语音、短信或流量。"]},{"tag":"footer","author":"Mr.Hope","time":"2019年4月9日"}],"images":[],"id":"sim/mobile"}