{"title":"学生组织","shareable":true,"grey":true,"content":[{"tag":"list","header":"学生组织","content":[{"text":"学生会","icon":"https://v3.mp.innenu.com/img/nenuyouth.png","path":"organization/student-union"},{"text":"研究生会","icon":"https://v3.mp.innenu.com/img/studentOrg/yanHui.png","path":"organization/graduate-association"},{"text":"学生社团联合会","icon":"https://v3.mp.innenu.com/img/studentOrg/sheLian.png","path":"organization/association-union"},{"text":"红烛志愿者协会","icon":"https://v3.mp.innenu.com/img/studentOrg/hongZhu.png","path":"organization/hongzhu"},{"text":"厚普公益学校","icon":"https://v3.mp.innenu.com/img/studentOrg/houpu.png","path":"organization/hope"},{"text":"校新媒体中心","icon":"https://v3.mp.innenu.com/img/nenuyouth.png","path":"organization/new-media-center"},{"text":"《东师青年》报社","icon":"https://v3.mp.innenu.com/img/studentOrg/baoShe.png","path":"organization/newspaper-office"},{"text":"“东师之声”校园广播站","icon":"https://v3.mp.innenu.com/img/studentOrg/dongShiZhiSheng.png","path":"organization/radio-station"},{"text":"大学生艺术团","icon":"https://v3.mp.innenu.com/img/studentOrg/daYi.png","path":"organization/art-ensemble"},{"text":"大学生体育俱乐部","icon":"https://v3.mp.innenu.com/img/studentOrg/daTi.png","path":"organization/sport-club"},{"text":"大学生创业中心","icon":"https://v3.mp.innenu.com/img/studentOrg/daChuang.png","path":"organization/career-center"},{"text":"青年马克思主义者学习研究会","icon":"https://v3.mp.innenu.com/img/studentOrg/qingMaXueHui.png","path":"organization/marxism"}]},{"tag":"footer","author":"Mr.Hope","time":"2019年8月10日"}],"images":[],"id":"organization/index","scopeData":{"@type":"general","uniq_id":"guide/organization/index","title":"学生组织","digest":"","thumbs":["https://v3.mp.innenu.com/img/inNENU.jpg"],"tags":[]}}