{"title":"如何到达自己的校区","shareable":true,"contact":true,"content":[{"tag":"list","header":" ","content":[{"text":"从火车站站出发","path":"check/arrival/train/index"},{"text":"从龙嘉机场","path":"check/arrival/plane/index"},{"text":"出租车","path":"check/arrival/taxi"},{"text":"关于接站","path":"check/arrival/pickup"}]},{"tag":"footer","author":"Mr.Hope","time":"2019年7月21日"}],"images":[],"id":"check/arrival/index","scopeData":{"@type":"general","uniq_id":"guide/check/arrival/index","title":"如何到达自己的校区","digest":"","thumbs":["https://v3.mp.innenu.com/img/inNENU.jpg"],"tags":[]}}