{"title":"接站","shareable":true,"contact":true,"content":[{"tag":"title","text":"接站地点"},{"tag":"text","text":"   接站地点为在长春站北出站口和长春西站。机场由于过远且人员数量较少学校不负责接送，建议自行购票乘坐动车到长春站(票价￥8)。"},{"tag":"list","header":false,"content":[{"text":"机场动车","icon":"/module/icon/train.svg","path":"check/arrival/check3"}]},{"tag":"text","style":"color:#888;font-size:14px;","text":"长春站南出站口虽然说也有人接，只不过南出站口没地方摆台停大巴，所以等聚齐一批人之后还是会统一通过南北通道领到北口去乘车，所以就不要走冤枉路了。"},{"tag":"title","text":"接站标志"},{"tag":"text","text":"   校学生会会负责新生接站任务，工作人员会举着“东北师范大学”的牌子在那里等着大家。接到大家后，工作人员会带大家到相关地点登记，之后将由工作人员统一带到停车场乘车。接站时学校配有统一的校车(新生手册上面所说的包车并不指这个)，学生、家长都可以上，不收取任何的费用，校车会将大家直接送往报到处。"},{"tag":"img","src":"https://mp.innenu.com/img/check/pickup.jfif","desc":"图为接站人员"},{"tag":"title","text":"接站时间"},{"tag":"text","heading":"2019年接站时间","style":"color:red;","text":"预计16号早8:00-晚18:00 15号暂不清楚。准确通知发出以后此处会再次更新。"},{"tag":"footer","author":"Mr.Hope","time":"2019/8/10"}],"images":["https://mp.innenu.com/img/check/pickup.jfif"],"id":"check/arrival/pickup"}