{"about1":{"keywords":["学费","招生"],"title":"本科2019年招生专业","desc":["各学院招生专业"]},"about2":{"keywords":["校规","校纪"],"title":"关于处分","desc":["收到处分的后果","常见违纪现象"]},"about3":{"keywords":["QQ群"],"title":"新生群一览","desc":["东北师范大学19官方新生群","各学院官方迎新群"]},"account1":{"keywords":["校园网账号","密码"],"title":"统一身份认证","desc":["获得账号(邮箱)","修改密码及密保绑定","使用统一身份认证登录"]},"apartment0":{"keywords":["部门"],"title":"学校机构说明","desc":[]},"apartment1":{"keywords":["心理健康","心理咨询","情感","心理"],"title":"学生心理健康教育中心","desc":["学生心理健康教育中心简介","心理咨询服务安排"]},"apartment2":{"keywords":["学生工作部","学生处","学工部"],"title":"党委学生工作部","desc":["工作理念","机构设置"]},"apartment3":{"keywords":["校办","盖章"],"title":"学校办公室","desc":["工作职能","机构设置"]},"apartment4":{"keywords":["校团委","扬思网","B16","团委章"],"title":"校团委","desc":["机构设置","工作职能","官网","办事流程","相关文件"]},"apartment5":{"keywords":["后勤","报修","维修","班车","校车"],"title":"后勤管理处","desc":["机构设置","相关文件"]},"apartment6":{"keywords":["急诊","生病","看病"],"title":"校医院","desc":[]},"apartment13":{"keywords":["保卫处"],"title":"保卫科","desc":["简介"]},"card1":{"keywords":["圈存"],"title":"自助终端机","desc":["校园卡自助终端机介绍","自助终端机位置","现金充值机位置"]},"card2":{"keywords":["校园卡使用","校园卡激活"],"title":"新卡使用前准备","desc":["激活生活用水","修改密码"]},"card3":{"keywords":["补卡","补办卡","丢失卡","卡遗失","卡挂失"],"title":"校园卡丢失","desc":[]},"card4":{"keywords":["信息化办"],"title":"信息化办","desc":[]},"card5":{"keywords":["校园卡故障"],"title":"常见故障及解决办法","desc":["无法正常使用生活用水","无法正常使用直饮水机","洗浴不出水报错","无法在食堂或超市刷卡"]},"card6":{"keywords":["校园卡照片"],"title":"为何照片这么丑","desc":["为什么是这张照片！","照片为什么丑的不像话？","照片这么丑可以换么？"]},"card7":{"keywords":["校园卡功能"],"title":"校园卡功能","desc":["主要功能"]},"card8":{"keywords":["卡套"],"title":"爱护校园卡","desc":[]},"card9":{"keywords":["圈存","充值","支付宝","微信"],"title":"校园卡充值","desc":["向校园卡储值"]},"check1":{"keywords":["专业分布","校区"],"title":"认准校区校门","desc":["本部校区院系专业","净月校区院系专业","注意事项","校区地址"]},"check6":{"keywords":["导航"],"title":"如何到达自己的校区","desc":[]},"check7":{"keywords":["被褥","床垫","照片"],"title":"各类物品","desc":["证件材料类","学习用品","生活用品","其他工具类","饮食相关类","床上用品类","宿舍神器类","是否需要带电脑","违禁物品"]},"check9":{"keywords":["报道流程"],"title":"报到流程","desc":["大体流程","报到当天来","因故不能按时报到"]},"check10":{"keywords":["缴费","学费","学子卡","银行卡"],"title":"缴费相关","desc":["报道时不缴费！"]},"check11":{"keywords":["绿色通道","贫困","经济困难"],"title":"绿色通道","desc":["申请流程"]},"check12":{"keywords":["智慧团建"],"title":"入学体检","desc":["体检注意事项","体检时间"]},"check13":{"keywords":["体检"],"title":"其他注意事项","desc":["团组织关系","户口迁移","其他","保险费"]},"check14":{"keywords":["防诈骗","防盗","防骗"],"title":"防盗防骗攻略","desc":[]},"check15":{"keywords":["本部简介"],"title":"本部校区校门","desc":["本部校区图","本部正门","本部东北门(动植物园对面)","本部北门(东师会馆、幼儿园旁)","本部摆台示意图"]},"check16":{"keywords":["净月简介"],"title":"净月校区校门","desc":["净月校区图","净月东门","净月北门(雕塑门)"]},"dorm1":{"keywords":["三舍A","三舍B","三舍C"],"title":"本部校区","desc":["本部校区寝室分布"]},"dorm2":{"keywords":["春华","夏华","秋华","光华","日华","天华","地华"],"title":"净月校区","desc":["净月校区公寓分布"]},"dorm3":{"keywords":["阳台"],"title":"室内布局","desc":["室内大体布概况","晾衣服","空调与暖气","网线插口","卫浴"]},"dorm4":{"keywords":["吹风机","洗衣机","直饮水机"],"title":"公共设施","desc":["洗漱区","卫生间","其他设施","自习室","电梯"]},"dorm5":{"keywords":["门禁","封寝"],"title":"宿舍开门时间","desc":["本部校区","净月校区"]},"FAQ3":{"keywords":["QQ群"],"title":"老乡群","desc":["东北师范大学老乡群"]},"FAQ5":{"keywords":["学费","招生"],"title":"军训","desc":["关于军训","无法进行军训？"]},"network2":{"keywords":["WIFI"],"title":"无线上网(Wifi)","desc":["联网步骤","覆盖范围","无线网优势"]},"network3":{"keywords":["网费"],"title":"校园网计费","desc":["认证方式","校园网价格","校园网缴费方式"]},"study6":{"keywords":["DET"],"title":"英语课程说明","desc":["课程设置","考试以及成绩计算","更多详情"]},"about0":{"title":"学校概况","desc":[]},"account0":{"title":"统一身份认证","desc":[]},"account2":{"title":"校园邮箱","desc":["登陆地址","客户端设置"]},"account3":{"title":"安卓邮件客户端设置","desc":[]},"account4":{"title":"iOS邮件客户端设置","desc":[]},"apartment10":{"title":"校医院","desc":["楼层分布"]},"apartment11":{"title":"科室介绍","desc":["眼科","口腔科","门诊处置室","放射线科","耳鼻喉科","内科疗区","透析科"]},"apartment12":{"title":"校医院联系方式","desc":["行政联系方式","医务联系方式","社区服务","净月卫生所","其他"]},"apartment7":{"title":"补办公费医疗手册","desc":["个人补办公费医疗手册的办理流程及说明","相关文件"]},"apartment8":{"title":"注意事项","desc":["就诊须知","住院须知"]},"apartment9":{"title":"校医院","desc":["医院概况"]},"card0":{"title":"校园卡","desc":[]},"check0":{"title":"报到","desc":[]},"check17":{"title":"长春站-到本部","desc":[]},"check18":{"title":"长春站-到净月","desc":["地铁-轻轨","公交","打车","轻轨"]},"check19":{"title":"长春西站-到本部","desc":["地铁(推荐)","公交","有轨电车-公交","打车"]},"check2":{"title":"坐火车到校","desc":["长春站","长春西站"]},"check20":{"title":"长春西站-到净月","desc":["轨道交通换乘(推荐)","公交-轻轨","有轨电车-轻轨","打车"]},"check21":{"title":"坐飞机-到本部","desc":["动车-其他(最优)","机场巴士-公交","打车"]},"check22":{"title":"坐飞机-到净月","desc":["动车-其他(最优推荐)","打车","机场大巴-公交"]},"check3":{"title":"坐飞机到校","desc":["先乘坐动车到长春站(最优)"]},"check4":{"title":"打车提示","desc":["关于出租车","关于目的地"]},"check5":{"title":"接站","desc":["接站地点","接站标志","接站时间"]},"check8":{"title":"报到时间地点","desc":["报到(接待)时间","报到(接待)地点"]},"corporation0":{"title":"社团","desc":[]},"corporation1":{"title":"更新中","desc":["更新中"]},"corporation10":{"title":"国协","desc":["协会简介","部门简介","协会活动"]},"corporation2":{"title":"卓音网络工作室","desc":[]},"corporation3":{"title":"大学生记者团","desc":[]},"corporation4":{"title":"青音吉他社","desc":[]},"corporation5":{"title":"V·梦创新创业协会","desc":[]},"corporation6":{"title":"科技爱好者协会","desc":[]},"corporation7":{"title":"天宇协会","desc":[]},"corporation8":{"title":"师说曲艺社","desc":[]},"corporation9":{"title":"5A职业发展协会","desc":["社团简介","社团日常工作","部门简介"]},"course0":{"title":"课程","desc":[]},"course1":{"title":"通识教育课程","desc":[" 通识教育课程"," 思想政治教育"," 体育与国防教育","交流表达与信息素养"," 数学与逻辑","通识选修课程"]},"course10":{"title":"东师排名","desc":[" 东师排名","关于ESI"]},"course11":{"title":"专业排名","desc":["专业排名"]},"course12":{"title":"转专业实施办法及注意事项","desc":["本科生转专业实施办法","各专业准入细则"]},"course13":{"title":"双学位与辅修方法","desc":["东师可以双学位或者辅修么","为什么不推荐","总结"]},"course14":{"title":"本科课程设置","desc":[]},"course2":{"title":"专业教育课程","desc":["简介","学科基础课","专业主干课","专业实习/教育实习与毕业论文/毕业设计","专业系列课"]},"course3":{"title":"发展方向课程","desc":["简介"]},"course4":{"title":"绩点计算方法","desc":["绩点介绍","课程学分绩点算法","平均学分绩点：","与学分的区别："]},"course5":{"title":"课程计划","desc":["2015版总课程计划","教育学部","政法学院","经济学院","商学院","文学院","历史文化学院","外国语学院","音乐学院","美术学院","数学与统计学院","计算机科学与信息技术学院","信息与软件工程学院","物理学院","化学学院","生命科学学院","地理科学学院","心理学院","环境学院","体育学院","传媒科学学院","马克思主义学部","国际汉学院(海外教育学院)","纽瓦克学院"]},"course6":{"title":"选课内容","desc":[" 课程类型"," 关于选修课","选/注课原则"," 选课参照"]},"course7":{"title":"选课流程","desc":["第一阶段：预选"," 第二阶段：正选"," 第三阶段：退补选"]},"course8":{"title":"选课操作系统","desc":[" 选课系统登录方式"]},"course9":{"title":"选课技巧","desc":["天时地利人和","关于预选","关于正选","关于退补选"]},"dining0":{"title":"食堂","desc":[]},"dining1":{"title":"北苑餐厅","desc":[]},"dining2":{"title":"南苑餐厅","desc":["一楼——特色档口","二楼——基本餐","三楼"]},"dining3":{"title":"本部美食节","desc":["北苑","南苑"]},"dining4":{"title":"一食堂","desc":["一楼","二楼","三楼"]},"dining5":{"title":"二食堂","desc":["一楼","二楼","三楼(营业时间：6:00-22:00)"]},"dining6":{"title":"净月美食节","desc":[]},"dining7":{"title":"北苑一楼","desc":["基本餐","Mr.Hope个人评价"]},"dining8":{"title":"北苑特色档口","desc":["一楼南侧","二楼南侧"]},"dining9":{"title":"北苑清真餐厅","desc":["清真食堂"]},"dorm0":{"title":"寝室","desc":[]},"dorm6":{"title":"宿舍供电","desc":["供电时间","限电额度","注意事项"]},"dorm7":{"title":"宿舍供网","desc":["供网时间"]},"dorm8":{"title":"洗衣机使用方法","desc":["插卡前请确认","插卡消费说明","如何插卡","失误了怎么办"]},"dorm9":{"title":"走读与调宿","desc":["住宿规定","调整寝室","校外居住"]},"FAQ0":{"title":"新生问答","desc":[]},"FAQ1":{"title":"大学第一天","desc":["来到学校","办理入学和住宿手续","生活准备"]},"FAQ10":{"title":"导员姓名与联系方式","desc":["本部","净月"]},"FAQ11":{"title":"课程学习","desc":["易班网2019新生注册认证","课程学习流程"]},"FAQ12":{"title":"易班注册流程","desc":["Web端注册认证流程","客户端注册认证流程"]},"FAQ13":{"title":"近日遭遇","desc":["事件一已移除","事件二"]},"FAQ14":{"title":"首页","desc":[]},"FAQ15":{"title":"一封信","desc":[]},"FAQ7":{"title":"报道时间","desc":["我可以什么时候到","可以早到么","其他事项"]},"FAQ8":{"title":"录取通知书","desc":["录取通知书内容","学号"]},"FAQ9":{"title":"新生军训","desc":["军训时间安排","军训内容","着装要求","准备物品","军训伙食","防晒","贴心建议","浴池时间","衣服能干么","军训时晕倒","关于评优"]},"library0":{"title":"图书馆","desc":[]},"library1":{"title":"图书馆风貌","desc":["本部校区","净月校区"]},"library10":{"title":"电子阅览室","desc":["位置"]},"library2":{"title":"馆藏分布","desc":["本部校区","净月校区","图书馆馆藏分布"]},"library3":{"title":"图书馆开门时间","desc":["本部校区","田家炳楼","净月校区"]},"library4":{"title":"借书权限","desc":["借书权限","注意事项"]},"library5":{"title":"其他服务","desc":["第一学习空间","WIFI","研究生厢","存包柜"]},"library6":{"title":"图书馆简介","desc":[]},"library7":{"title":"书目检索","desc":["OPAC使用指南","已借资料的查询与续借"]},"library8":{"title":"借阅流程","desc":["普通借阅流程","远程借阅介绍","远程借阅工作台位置及咨询电话","图书馆远程借阅服务说明"]},"library9":{"title":"图书馆楼层平面图","desc":["本部平面图","净月平面图"]},"life0":{"title":"生活","desc":[]},"life1":{"title":"洗浴","desc":["本部","净月","校外浴池"]},"life10":{"title":"本部校区快递","desc":["学校(邮寄)地址","菜鸟驿站","净月校区","净月校区各生活点位置"]},"life11":{"title":"G·R 美发沙龙","desc":["理发价格","店铺环境"]},"life2":{"title":"理发","desc":["本部","净月"]},"life3":{"title":"照相","desc":[]},"life4":{"title":"打印","desc":["本部","净月"]},"life5":{"title":"超市","desc":["本部","本部校外"]},"life6":{"title":"快递","desc":["学校(邮寄)地址","本部校区","净月校区","净月校区各生活点位置"]},"life7":{"title":"公交卡与地铁卡","desc":["办理IC卡","办理地铁卡"]},"life8":{"title":"ATM机","desc":["ATM机位置"]},"life9":{"title":"就医","desc":["校医院","校外医院"]},"MrHope0":{"title":"Hope Studio简介","desc":["Hope Studio简介"]},"MrHope1":{"title":"Mr.Hope个人简介","desc":["Mr.Hope个人简历","主要学生干部经历","个人爱好","个人技能"]},"MrHope2":{"title":"功能太少","desc":["为什么小程序功能这么少"]},"MrHope21":{"title":"具体细则","desc":["价格","重装细则","顾客须知"]},"MrHope22":{"title":"具体细则","desc":["价格","重装细则","顾客须知"]},"MrHope23":{"title":"具体细则","desc":["价格","重装细则","顾客须知"]},"MrHope24":{"title":"具体细则","desc":["价格","重装细则","顾客须知"]},"MrHope3":{"title":"开发者访谈","desc":["为什么要做“in东师”这样一个产品？","为什么叫“in东师”这个名字？","“in东师”是谁开发的？"]},"MrHope4":{"title":"致谢名单","desc":["页面编写","图标制作"]},"MrHope5":{"title":"Mr.Hope电子小屋","desc":["店铺简介","顾客须知","价格收费"]},"MrHope6":{"title":"店铺情况介绍","desc":["店铺简介","为什么转为了店铺","店铺性质","收费标准","收费标准","我想帮助本店"]},"MrHope7":{"title":"店铺公告","desc":["其他须知"]},"MrHope8":{"title":"Windows相关服务","desc":[]},"nearby0":{"title":"校园周边","desc":[]},"nearby1":{"title":"本部周边","desc":["桂林路","红旗街","重庆路","文昌路","欧亚商都"]},"nearby2":{"title":"净月周边","desc":["迅驰广场","后街","摩天活力城"]},"network0":{"title":"校园网","desc":[]},"network1":{"title":"有线上网","desc":[]},"sim0":{"title":"校园卡政策对比","desc":[]},"sim1":{"title":"联通卡政策","desc":["沃冰卡","地王卡"]},"sim2":{"title":"移动卡政策","desc":["38元不限量","49元 全国不限量","19元流量神卡"]},"sim3":{"title":"电信卡政策","desc":["39元不限量","49元不限量"]},"studentOrg0":{"title":"学生组织","desc":[]},"studentOrg1":{"title":"学生会","desc":[]},"studentOrg10":{"title":"大学生创业中心","desc":[]},"studentOrg11":{"title":"青马学会","desc":[]},"studentOrg12":{"title":"校学生会新媒体中心","desc":[]},"studentOrg2":{"title":"研究生会","desc":[]},"studentOrg3":{"title":"学生社团联合会","desc":[]},"studentOrg4":{"title":"红烛志愿者协会","desc":[]},"studentOrg5":{"title":"厚普公益学校","desc":[]},"studentOrg6":{"title":"《东师青年》报社","desc":[]},"studentOrg7":{"title":"“东师之声”校园广播站","desc":["纳新简介","组织简介"]},"studentOrg8":{"title":"大学生艺术团","desc":[]},"studentOrg9":{"title":"大学生体育俱乐部","desc":[]},"study0":{"title":"学习","desc":[]},"study1":{"title":"类型及评定时间","desc":[" 类型","评定时间"]},"study2":{"title":"特殊说明","desc":["特殊说明"]},"study4":{"title":"体育课说明","desc":["课程设置","给分标准","校园跑"]},"study5":{"title":"网络课程说明","desc":["智慧树","尔雅"]},"study7":{"title":"英语免修评定","desc":[]},"study8":{"title":"上课时间","desc":[]},"subsidize0":{"title":"资助","desc":[]},"subsidize1":{"title":"申请流程","desc":["资助申请流程","资助对象申请流程","勤工助学岗位申请流程"]},"subsidize2":{"title":"学生资助机构","desc":["学生资助管理中心","学生资助工作组"]},"test0":{"title":"考试","desc":[]},"test1":{"title":"体测简介","desc":["及格分数","体测时间安排","体测测试项目及权重","相关要求"]},"test10":{"title":"计算机二级","desc":["考试科目","考核内容","考试分数及通过条件","题型及分值比例","考试环境及使用的软件"]},"test11":{"title":"计算机三级","desc":["考试科目","考核内容","题型及分值比例","考试环境及使用的软件"]},"test12":{"title":"计算机四级","desc":["考试科目","考核内容","题型及分值比例","考试环境及使用的软件"]},"test2":{"title":"东北师范大学英语水平测试","desc":["测试对象","报名方式","考场查询","相关要求"]},"test3":{"title":"测试成绩说明","desc":["体重指数","毕业时成绩的评定","体测未通过的后果"]},"test4":{"title":"测试项目评分表","desc":["体重指数(BMI)评分表","男生评分表","女生评分表","加分表"]},"test5":{"title":"申请免测/缓测","desc":["免测","缓测"]},"test6":{"title":"英语分班考试","desc":["考试内容","关于分班"]},"test8":{"title":"四六级(CET)","desc":["笔试时间","考试内容","评分标准","报名","相关查询","口试"]},"test9":{"title":"计算机等级考试说明","desc":[]},"traffic0":{"title":"交通","desc":["本部净月往返","本部/净月-火车站","本部/净月-飞机","本部/净月-主要商业圈"]},"traffic1":{"title":"轨道交通运营地点及时间","desc":["本部净月往返","制作中..."]}}