{"title":"Mr.Hope 的建议","content":[{"tag":"text","type":"p","text":["Mr.Hope 作为一个好歹拿过校长奖学金的人，多说两句，将一些大部分学霸认可的观点写在这里。需要注意的是：这就是一个老学长的碎碎念，希望大家酌情聆听采纳，与辅导员、学院观点不合时，请不要拿我这里的言论去怼(罡)您的导员或者学院办公室，没毕业前就接到过好几次电话......(就很无语)"],"style":"text-indent: 1.5em; "},{"tag":"title","text":"来自 Mr.Hope 的建议"},{"tag":"text","type":"p","heading":"不要忘记通识选修与发展方向课","text":["如 “课程计划——课程表” 一节所说，对于通识选修课与发展方向课来说，学生应当自由选择修读，学院出台的课程表都不会包含这两部分的内容，学生应该自己择时修读。换句话说就是您可别忘了修，别整个寝室都忘了，大三大四一拍脑袋才想起来这事可就严重了(有过先例的)。"],"style":"text-indent: 1.5em; "},{"tag":"text","type":"p","heading":"少留课程给大四","text":["大部分专业的毕业学分在 145 - 155 范围之间，所以平均每学期只有不到 20 学分。如果您要是抱着这种想法按照 20 - 24 学分这个数量去选课，那您就有点危险了，因为大四要面临实习、找工作或考研的压力，如果大四还有太多课程的话，可能会干扰搭配实习、找工作、考研与毕业论文的撰写。","推荐大家除了大四学年的 10 学分“专业实习 + 毕业论文”外，再额外留 0 - 6 学分的课程就可以了，最好不要超过 8 学分，而不少学院的课程安排会很平均，会在 10 学分必修课外再安排 8 - 10 学分给大四学年。如果您的学院出台了这样的课程计划，建议提前修读一部分课程，在不打乱课程依赖(即您修读的课程所依赖的课程您应该修读完成) 的情况下将整体的修读时间前移，争取控制在 6 学分以下，这样课程会轻松许多。","如果您的专业招生人数很少，课程还是只开您所在专业的话，您的专科必修课与专业选修课基本就只能跟着走了。面对这种情况，最好的办法就是就要争取大三学年修完所有的发展方向课与通识必修课，只留课程计划里的专业必修课与专业选修课给大四。"],"style":"text-indent: 1.5em; "},{"tag":"text","type":"p","heading":"修自己感兴趣的课程","text":["大部分同学可能会选一些考核简单、老师期末给分高的课程或是网课来“水”过自己的通识选修课与发展方向课。如果您是追求自己的绩点漂亮，努力修读这些课程达到期末 95+ 的话，也没什么错误，不过万万不建议选了给分高的课以后不听课、翘课、期末糊弄糊弄拿一个差不多的分数，或是选一个网课完全不听课，直接挂机放完期末考试边考试边百度。这样等毕业以后，您可能会觉得后悔。最好是选一些自己感兴趣的课或者课程内容比较精彩的课。","以我自己举例，我个人选过的罗教授的中国文化史就令我十分深刻，老师课程讲的十分精彩，我完全没有感受到高中学历史的那种枯燥，一堂课下来，就像是听了一场讲座、一集百家讲坛，还能回味在罗老师描绘的场景中。另外，我室友根据自己爱好选择的博弈论，一学期修读下来也收获颇多。还是真诚的希望大家能够去选一些自己感兴趣的课。(课是有没选上的可能，所以还是尽量)"],"style":"text-indent: 1.5em; "},{"tag":"text","type":"p","heading":"好好学习","text":["如果你一直保持专业前几(或专业第一，看你专业人数，一般以 1/6 为标准），在大三下学期，你基本会很轻松的外保到一个更高层次的学校。如果你在专业前 1/3 如果你想保本校的研究生(如果你专业开设硕士招生的话)也是基本没有问题的。即使你不考研，就业的时候，很多学校、企业也会要求你出示你的成绩单，如果上面的数字太难看的话，一些高层次的学校或者企业可能会直接拒绝你。总之成绩真的很重要。","说一句题外话，由于竞赛获奖、发表论文有加分，而且理科学院(以数院为最)会有很多难度系数为 1.2 或更高的专业课 (这意味着这种课你考了满分平均绩点是 6)，理科学院绩点最高的人达到了5.3，文科学院绩点最高的人达到过 5.1 (这些人也是好几届以前的事情了)，好好学习总是没有错的，也许四年后的你就是大佬之一。"],"style":"text-indent: 1.5em; "},{"tag":"footer","author":"Mr.Hope","time":"2020年7月17日"}],"shareable":true,"contact":true,"images":[],"id":"course/advice","scopeData":{"@type":"general","uniq_id":"guide/course/advice","title":"Mr.Hope 的建议","digest":"Mr.Hope 作为一个好歹拿过校长奖学金的人，多说两句，将一些大部分学霸认可的观点写在这里。需要注意的是：这就是一个老学长的碎碎念，希望大家酌情聆听采纳，与辅导员、学院观点不合时，请不要拿我这里的言论去怼(罡)您的导员或者学院办公室，没毕","thumbs":["https://v3.mp.innenu.com/img/inNENU.jpg"],"tags":["来自 Mr.Hope 的建议"]}}