{"title":"发展方向课程","content":[{"tag":"title","text":"简介"},{"tag":"text","type":"p","text":["发展方向课程一般不低于 15 学分，是为尊重学生的个人选择、支持学生的个性化发展，并体现分类培养目标的任意选修课程模块。发展方向课程原则上由学生根据个人兴趣和未来发展需要，在全校开设的所有课程中自主选择。各专业可以根据本专业的分类培养目标与要求对学生选择发展方向课程提供指导与建议。"],"style":"text-indent: 1.5em; "},{"tag":"title","text":"更多"},{"tag":"text","type":"p","text":["有意从事教师职业的各专业学生可选择教师教育课程作为发展方向课。公费师范专业学生限制选择教师教育课程作为发展方向课，修读后在教师资格证面试时可以选择学校考点。"],"style":"text-indent: 1.5em; "},{"tag":"footer","author":"Mr.Hope","time":"2020年7月17日"}],"shareable":true,"contact":true,"images":[],"id":"course/develop","scopeData":{"@type":"general","uniq_id":"guide/course/develop","title":"发展方向课程","digest":"发展方向课程一般不低于 15 学分，是为尊重学生的个人选择、支持学生的个性化发展，并体现分类培养目标的任意选修课程模块。发展方向课程原则上由学生根据个人兴趣和未来发展需要，在全校开设的所有课程中自主选择。各专业可以根据本专业的分类培养目标与","thumbs":["https://v3.mp.innenu.com/img/inNENU.jpg"],"tags":["简介","更多"]}}