{"title":"选课流程","content":[{"tag":"text","heading":"提示: 新生选课为注课，不用抢课"},{"tag":"img","src":"https://v3.mp.innenu.com/img/course/register.png"},{"tag":"title","text":"第一阶段：预选"},{"tag":"text","type":"p","heading":"系统抽签决定","text":["本阶段选课不分时间先后，对所有课程实行不限人数选课。每个学生在同一时间段可以选择三门课程。学生必须在抽签结束后查看抽签结果，确定所选课程是否被抽中。预选结束后，系统对选课人数已超过选课容量限制的课程根据选课志愿及选中率进行计算机随机抽签。抽签优先级为：选课志愿(第几志愿)，授课对象(在授课对象内优先)，年级(授课年级优先而后是高年级)；抽签课程顺序为：通识教育选修课，通识教育必修课，师资教育选修课，师资教育必修课，专业教育选修课，专业教育必修课。之后公布预选抽签结果。当同学与其他人的抽签优先度相同，此时就主要靠人品也就是所谓的欧气。学生可登录选课系统，对预选抽签结果进行查看。届时将有学生被选出超过容量的课堂，此类学生须在正选阶段重新选课。"],"style":"text-indent: 1.5em; "},{"tag":"title","text":" 第二阶段：正选"},{"tag":"text","type":"p","heading":"先来先得","text":["正选分校区分时段进行本部净月时间不同(注意不要看错)，在预选未落实课程的学生须在本阶段重新选课。本阶段所有课程限定容量，按照先来先得的原则进行。本阶段结束后，学生需打印或记录选课课表，开学按课表上课。另外，除因专业特点需要小班教学的课程(外语类、体育类、艺术类课程以及实验课分组)外，凡不足 20 人的专业课、不足 50 人的非专业课程，原则上不能开课。取消课堂的学生，可在退补选阶段，再行选课。"],"style":"text-indent: 1.5em; "},{"tag":"title","text":" 第三阶段：退补选"},{"tag":"text","type":"p","heading":"先来先得","text":["正式开课一周后进行。所有课程限定容量，按照先来先得的原则进行。正选后被取消课堂的同学须选择和本人上课时间一致的平行课堂。本阶段为最终课程的决定阶段，是学生们选择最适合自己的课程的阶段，本阶段选课结束后，学生需打印或记录选课课表，并严格按课表上课。任课教师须重新打印上课点名册。"],"style":"text-indent: 1.5em; "},{"tag":"footer","author":"Mr.Hope","time":"2020年7月17日"}],"shareable":true,"contact":true,"images":["https://v3.mp.innenu.com/img/course/register.png"],"id":"course/flow","scopeData":{"@type":"general","uniq_id":"guide/course/flow","cover":"https://v3.mp.innenu.com/img/course/register.png","title":"选课流程","digest":"提示: 新生选课为注课，不用抢课 系统抽签决定 本阶段选课不分时间先后，对所有课程实行不限人数选课。每个学生在同一时间段可以选择三门课程。学生必须在抽签结束后查看抽签结果，确定所选课程是否被抽中。预选结束后，系统对选课人数已超过选课容量限制","thumbs":["https://v3.mp.innenu.com/img/course/register.png"],"tags":["第一阶段：预选"," 第二阶段：正选"," 第三阶段：退补选"]}}