{"title":"学分与绩点","shareable":true,"contact":true,"content":[{"tag":"title","text":"学分介绍"},{"tag":"text","text":["学分，是计算学习量的一种计量单位，按学期计算。通常情况下，一门课程的学分和这门课的每周学时直接挂钩，通过学分可以评判学生在大学期间的学习知识的广度及上课的数量，获得的学分越多，说明选择的课程越多。"]},{"tag":"text","heading":"学分的计算","text":["在我校，每周 1 学时的课程即为 1 学分。通常实验课和实习课的学分减半，即每周 2 学时的实验课只有 1 学分。学校每节课即为 1 学时，时长 45 分钟，奇数与偶数两节课连上。"]},{"tag":"text","type":"p","heading":"学分的获得","text":["学分的获得有且仅有一个条件：对应课程的期末总成绩达到 60 分(即及格)，这也正是大学及格万岁的由来。即使期末没有达到 60 分，补考成绩如果 ≥ 60 分也算通过了该课程。","不过，仅仅以通过所有课程为目的进行考试，在日后会痛苦万分。因为在毕业时学士学位的授予，以及就业、保研等情况，都离不开后文的平均学分绩点，所以如果您日后想有一个好前程，万万不可有及格万岁的心态。"],"style":"text-indent: 1.5em; "},{"tag":"text","type":"p","heading":"学分需求","text":["在大学需要修读的学分，由所在专业的课程计划决定。课程计划会明确规定所学专业的修读年限、修读总学分、各类别课程的学分以及毕业绩点要求。","只要学分达到要求就可以获得毕业证了，但学位证有绩点要求。\""],"style":"text-indent: 1.5em; "},{"tag":"list","content":[{"text":"各专业课程计划","icon":"/module/icon/plan.svg","path":"course/plan"}]},{"tag":"text","text":["选课时候您要特别注意，看看自己是不是按照学院计划选了课，同时应留意自己的发展方向学分能否按时修完。一定一定要注意。每年毕业审核的时候都有学分没修够被迫读大五的情况。"]},{"tag":"text","type":"p","heading":"补考","text":["60 分以下算挂科，即没有通过课程，不会获得该门课的学分，也没有绩点。为了给学生通过这门课程的机会，部分课程会在课程结束后的第二个学期初安排补考。拥有补考的课程是几乎所有专业必修课与大部分通识必修课程)，由于国家规定补考可根据课程情况合理安排，所以部分考核涉及到实验操作的课程，或者是政治、军训课都是没有补考的。","补考无论考 60 还是 60 分以上，都只算 60 分，而且成绩档案上会标记 \"*\" (在最底部注明其为补考标记)，60 分以下依旧算挂科，无法获得这门课的学分。"],"style":"text-indent: 1.5em; "},{"tag":"title","text":"绩点介绍"},{"tag":"text","heading":"什么是绩点","text":["国外成为 GPA，国内有些学校成为学分绩，这是个让学霸爱，学渣恨的一个东西，是从外国引进的，用于表彰您的大学成绩。不同学校绩点算法可能存在差异。"]},{"tag":"title","text":"课程绩点算法"},{"tag":"text","type":"p","heading":"课程绩点 ＝ 学分 × ( (考核成绩 － 60) ÷ 10 ＋ 1) × 难度系数","text":["其中难度系数依据课程编码，课程编码 200 - 399 为较易的课程，难度系数为 1；400 - 599 为较难的课程，难度系数为 1.2。"],"style":"text-indent: 1.5em; "},{"tag":"text","type":"ul","text":["课程编码可以登陆教务系统在成绩查询中获取。目前有个别学院调整了旗下相关课程的难度系数，部分课程不再拥有难度系数，部分课程增加了难度系数。最终的难度系数以学院办公室公布与教务系统计算为准。如果想获得准确的课程难度系数，请致电学院教务秘书。","课程绩点其实只在最终毕业时的成绩单档案体现，在大学四年中频繁打交道的，是后文的平均学分绩点。","通过绩点的计算方式可以看出，课程的绩点和课程成绩、课程学分以及课程的难度系数相关。"],"style":"font-size: 14px;color: #888;"},{"tag":"title","text":"平均学分绩点"},{"tag":"text","heading":"Σ 绩点(所有科目绩点之和) / Σ 学分(所有科目学分之和)","text":["通俗点说就是所修课程绩点之和除以所修课程学分之和(有的学院会不算选修课)，叫平均学分绩点(平均绩点)。它是学期学年排名依据，评奖学金的依据，也是有些学院保研依据。(有些院系计算时只算专业必修课，有的院系排除通识选修课，有的院系排除所有的选修课，有的院系全都算)。大学四年中，你会频繁跟它打交道，它说白了，也就是你的平均成绩(÷10再-5)。","你可以到图书馆自助打印机那里查看或打印成绩单，即可很轻松的获得；另外每个学期开学，你也可以去找辅导员来查看你上学期或是自开学以来的平均绩点。我校绩点是 5.0 制。","平均学分绩点是和学位证挂钩的。学校规定平均学分绩点低于 2.0 者只有毕业证没有学位证。所以，60 分万岁只是一个梦，要真都获得 60 分就GG了。所以如果您已经大二、大三，现在成绩还都是 60 多分的话，就要长点心了。"]},{"tag":"footer","author":"Mr.Hope","time":"2020年7月17日"}],"images":[],"id":"course/gpa"}