{"title":"课程","shareable":true,"grey":true,"contact":true,"content":[{"tag":"list","header":"本科课程设置","content":[{"text":"通识教育课程","icon":"/module/icon/course-type.svg","path":"course/general/index"},{"text":"专业教育课程","icon":"/module/icon/course-type.svg","path":"course/professional"},{"text":"发展课程课程","icon":"/module/icon/course-type.svg","path":"course/develop"},{"text":"学分与绩点","icon":"/module/icon/course-type.svg","path":"course/gpa"},{"text":"本科课程计划","icon":"/module/icon/plan.svg","path":"course/plan"}]},{"tag":"list","header":"选课","content":[{"text":"选课内容","icon":"/module/icon/content.svg","path":"course/select"},{"text":"选课流程","icon":"/module/icon/flow.svg","path":"course/flow"},{"text":"选课系统","icon":"/module/icon/system.svg","path":"course/system"},{"text":"选课技巧","icon":"/module/icon/skill.svg","path":"course/skill"}]},{"tag":"list","header":"东师及专业排名","content":[{"text":"东师排名","icon":"/module/icon/rank.svg","path":"course/rank"},{"text":"专业排名","icon":"/module/icon/rank.svg","path":"course/major-rank"}]},{"tag":"list","header":"双学位、辅修与转专业","content":[{"text":"获取双学位与辅修","icon":"/icon/tabPage/course.svg","path":"course/double-degree"},{"text":"转专业实施办法及注意事项","icon":"/icon/tabPage/course.svg","path":"course/change-major"}]},{"tag":"list","content":[{"text":"Mr.Hope 的个人建议","icon":"/module/icon/skill.svg","path":"course/advice"}]},{"tag":"footer","author":"Mr.Hope","time":"2020年7月17日"}],"images":[],"id":"course/index"}