{"title":"课程计划","shareable":true,"contact":true,"content":[{"tag":"title","text":"课程计划"},{"tag":"text","type":"p","text":["在大学需要修读的总学分、与每个课程类别需要修读的学分数量，由所在专业的课程计划决定。学校会要求学院针对旗下每个招生专业出台对应的课程计划。","课程计划会明确规定每个专业的修读年限、修读总学分、各类别课程的学分以及其他要求。同时，课程计划还会列出学院内部开设的所有课程的课程名称、课程开设时间、学分以及建议修读学期。","如果您想明确自己的专业的学习内容与各课程的难度与依赖关系，除了询问学长学姐之外，仔细研读课程计划中所在专业开设的课程与建议修学时间也是一个极好的选择。而且，在大一初始就明确课程计划的内容，要比大四选课前再查看自己欠缺的课程要好很多，最起码在一开始就明确了自己专业的学习内容。"],"style":"text-indent: 1.5em; "},{"tag":"title","text":"课程表"},{"tag":"text","type":"p","text":["大学课程的修读选择是自由的。除了公共课(如政治课、体育课)或一些特殊的实验、实习课会限制选课的专业、性别之外，大部分课程都可以随意选择。对于通识选修课与发展方向课来说，您可以在大一初始就自由选择修读。","对于通识必修课，为了避免上课年级混乱，部分学生晚修读，一般会按照课程计划中推荐修读的学期，限制学生选课并提醒同学选课。同样，对于专业课来说，一般修读需要根据课程的依赖关系，由简至难，先学习基础课程再学习依赖于基础课程知识的高级课程。为了让一些低年级时不看课程计划或选课不用心的学生能够合理选课，减少因不合理选课造成的无法按时毕业、挂科等情况，大部分学院都会出台课程表。同学们只要按照课程表上的内容选课，即可完整修读完通识必修课、专业必修课与专业选修课。","课程表大多数基于课程计划生成的，对于推荐修读学期有多个的课程，部分学员也会让其多次在对应学期出现在课程表里，课程表可以说是选课的一个重要参考。"],"style":"text-indent: 1.5em; "},{"tag":"title","text":"2015 版总课程计划"},{"tag":"doc","docName":"2015版总课程计划","url":"https://v3.mp.innenu.com/file/courseplan/curriculumPlan.pdf","docIcon":"pdf"},{"tag":"title","text":"各学院课程计划"},{"tag":"doc","docName":"教育学部本科课程计划","url":"https://v3.mp.innenu.com/file/courseplan/education.pdf","docIcon":"pdf"},{"tag":"doc","docName":"政法学院本科课程计划","url":"https://v3.mp.innenu.com/file/courseplan/law.pdf","docIcon":"pdf"},{"tag":"doc","docName":"经济学院本科课程计划","url":"https://v3.mp.innenu.com/file/courseplan/economy.pdf","docIcon":"pdf"},{"tag":"doc","docName":"商学院本科课程计划","url":"https://v3.mp.innenu.com/file/courseplan/business.pdf","docIcon":"pdf"},{"tag":"doc","docName":"文学院本科课程计划","url":"https://v3.mp.innenu.com/file/courseplan/literature.pdf","docIcon":"pdf"},{"tag":"doc","docName":"历史文化学院本科课程计划","url":"https://v3.mp.innenu.com/file/courseplan/history.pdf","docIcon":"pdf"},{"tag":"doc","docName":"外国语学院本科课程计划","url":"https://v3.mp.innenu.com/file/courseplan/foreign.pdf","docIcon":"pdf"},{"tag":"doc","docName":"音乐学院本科课程计划","url":"https://v3.mp.innenu.com/file/courseplan/music.pdf","docIcon":"pdf"},{"tag":"doc","docName":"美术学院本科课程计划","url":"https://v3.mp.innenu.com/file/courseplan/art.pdf","docIcon":"pdf"},{"tag":"doc","docName":"数学与统计学院本科课程计划","url":"https://v3.mp.innenu.com/file/courseplan/math.pdf","docIcon":"pdf"},{"tag":"doc","docName":"计算机科学与信息技术学院本科课程计划","url":"https://v3.mp.innenu.com/file/courseplan/computer.pdf","docIcon":"pdf"},{"tag":"doc","docName":"信息与软件工程学院本科课程计划","url":"https://v3.mp.innenu.com/file/courseplan/information.pdf","docIcon":"pdf"},{"tag":"doc","docName":"物理学院本科课程计划","url":"https://v3.mp.innenu.com/file/courseplan/physics.pdf","docIcon":"pdf"},{"tag":"doc","docName":"化学学院本科课程计划","url":"https://v3.mp.innenu.com/file/courseplan/chemistry.pdf","docIcon":"pdf"},{"tag":"doc","docName":"生命科学学院本科课程计划","url":"https://v3.mp.innenu.com/file/courseplan/biology.pdf","docIcon":"pdf"},{"tag":"doc","docName":"地理科学学院本科课程计划","url":"https://v3.mp.innenu.com/file/courseplan/geography.pdf","docIcon":"pdf"},{"tag":"doc","docName":"心理学院本科课程计划","url":"https://v3.mp.innenu.com/file/courseplan/psychology.pdf","docIcon":"pdf"},{"tag":"doc","docName":"环境学院本科课程计划","url":"https://v3.mp.innenu.com/file/courseplan/environment.pdf","docIcon":"pdf"},{"tag":"doc","docName":"体育学院本科课程计划","url":"https://v3.mp.innenu.com/file/courseplan/PE.pdf","docIcon":"pdf"},{"tag":"doc","docName":"传媒科学学院本科课程计划","url":"https://v3.mp.innenu.com/file/courseplan/media.pdf","docIcon":"pdf"},{"tag":"doc","docName":"马克思主义学部本科课程计划","url":"https://v3.mp.innenu.com/file/courseplan/Marx.pdf","docIcon":"pdf"},{"tag":"doc","docName":"国际汉学院(海外教育学院)本科课程计划","url":"https://v3.mp.innenu.com/file/courseplan/international.pdf","docIcon":"pdf"},{"tag":"doc","docName":"东北师范大学罗格斯大学纽瓦克学院本科课程计划","url":"https://v3.mp.innenu.com/file/courseplan/Newark.pdf","docIcon":"pdf"},{"tag":"footer","time":"2020年7月17日","desc":"学院顺序来自东北师范大学教务处","author":"Mr.Hope"}],"images":[],"id":"course/plan"}