[
  {
    "tag": "head",
    "title": "电子阅览室",
    "shareable": true,
    "contact": true
  },
  {
    "tag": "title",
    "text": "位置"
  },
  {
    "tag": "p",
    "head": "本部",
    "text": "图书馆一楼进门左转"
  },
  {
    "tag": "p",
    "text": "   电子阅览室的账号和密码均为学号。每个人每学期有60学时的免费上机时间，需要到门口的机器上刷卡进行上下机操作。若超时后仍需上网请在圈存机处充值。一学时为45分钟"
  },
  {
    "tag": "foot",
    "author": "Mr.Hope",
    "time": "2019/10/10"
  }
]
