[
  {
    "tag": "head",
    "title": "馆藏分布",
    "shareable": true,
    "contact": true
  },
  {
    "tag": "title",
    "text": "本部校区"
  },
  {
    "tag": "img",
    "src": "https://mp.innenu.com/img/library/benbuGuanCang.png"
  },
  {
    "tag": "title",
    "text": "净月校区"
  },
  {
    "tag": "img",
    "src": "https://mp.innenu.com/img/library/jingyueGuanCang.png"
  },
  {
    "tag": "title",
    "text": "图书馆馆藏分布"
  },
  {
    "tag": "img",
    "src": "https://mp.innenu.com/img/library/jingyueGuanCang2.jfif"
  },
  {
    "tag": "foot",
    "author": "Mr.Hope",
    "time": "2019/8/10"
  }
]
