{"title":"2020 秋季学期","content":[{"title":"8 月","icon":"./icon/study.svg","text":"非新生年级报到时间: 8 月 14 - 16 日\n2020 春季学期考试时间: 8 月 17 日至 8 月 29 日"},{"title":"9 月","icon":"./icon/study.svg","text":"新生报到时间: 9 月 5 日 至 6 日"},{"title":"10 月","icon":"./icon/study.svg","text":"国庆节: 10 月 1 日至 8 日\n 9月27日(周日)、10月10日(周六)上课\n 10 月 31 日: 2017 级公费师范生应用实践结束"},{"title":"11 月","icon":"./icon/study.svg","text":"无"},{"title":"12 月","icon":"./icon/study.svg","text":"12 月 20 日: 研究生考试"},{"title":"1 月","icon":"./icon/study.svg","text":"1 月 11 日至 1 月 21 日: 考试周\n放假日期: 1 月 22 日"}]}