{"title":"校医院","shareable":true,"grey":true,"contact":true,"content":[{"tag":"list","content":[{"text":"校医院简介","path":"apartment/hospital/intro"},{"text":"补办公费医疗手册","path":"apartment/hospital/handbook"},{"text":"楼层分布","path":"apartment/hospital/floor"},{"text":"注意事项","path":"apartment/hospital/attention"},{"text":"科室介绍","path":"apartment/hospital/department"},{"text":"联系电话","path":"apartment/hospital/phone"}]},{"tag":"footer","desc":"信息来源：校医院官网","time":"2019/8/14"}],"images":[],"id":"apartment/hospital/index"}