{"title":"校医院","grey":true,"content":[{"tag":"list","content":[{"text":"校医院简介","icon":"/module/icon/info.svg","path":"apartment/hospital/intro"},{"text":"补办公费医疗手册","icon":"/module/icon/handbook.svg","path":"apartment/hospital/handbook"},{"text":"楼层分布","icon":"/module/icon/floor.svg","path":"apartment/hospital/floor"},{"text":"注意事项","icon":"/module/icon/alert.svg","path":"apartment/hospital/attention"},{"text":"科室介绍","icon":"/module/icon/department.svg","path":"apartment/hospital/department"},{"text":"联系电话","icon":"/module/icon/phone.svg","path":"apartment/hospital/phone"}]},{"tag":"footer","desc":"信息来源：校医院官网","time":"2019年8月14日"}],"shareable":true,"images":[],"id":"apartment/hospital/index","scopeData":{"@type":"general","uniq_id":"guide/apartment/hospital/index","title":"校医院","digest":"","thumbs":["https://v3.mp.innenu.com/img/inNENU.jpg"],"tags":[]}}