{"title":"长春西站-到本部","content":[{"tag":"title","text":"地铁(推荐)"},{"tag":"text","type":"p","text":["乘坐地铁是最快捷最简便的方式，票价 3 元。从长春西站下车，直接乘坐地铁 2 号线，搭乘东方广场方向的地铁坐 9 站到解放大路站，之后站内换乘 1 号线乘坐开放红嘴子方向的地铁坐 1 站到东北师大站下车。"],"style":"text-indent: 1.5em; "},{"tag":"text","type":"ul","heading":"首末班车时间","text":["地铁二号线东方广场方向首车 5:15、末车 21:00；","地铁一号线红嘴子方向首车 5:50、末车 21:30。"]},{"tag":"text","type":"p","heading":"疫情相关","text":["由于新冠疫情，出站时要测量体温、刷身份证，请提前做好准备。","在长春乘坐公共交通工具、出入公共场所，都需要用到吉林省内的吉祥码。请提前进行相关注册并在地铁案件前出示吉祥码。"],"style":"text-indent: 1.5em; "},{"tag":"list","header":false,"content":[{"text":"吉祥码注册与使用","icon":"/module/icon/content.svg","path":"FAQ/jixiang-code/index"}]},{"tag":"title","text":"公交(不推荐)"},{"tag":"text","type":"p","text":["先乘坐 159 路到桂林路站，再转乘 25 路、160 路到动植物公园站。"],"style":"text-indent: 1.5em; "},{"tag":"title","text":"有轨电车-公交(不推荐)"},{"tag":"text","type":"p","text":["乘坐 55 路有轨电车到工农大路站，到马路(一定要到马路对面，要不就惨了)对面转乘 80 路到东北师范大学站下车。"],"style":"text-indent: 1.5em; "},{"tag":"text","type":"p","heading":"疫情相关","text":["由于新冠疫情，出站时要测量体温、刷身份证，请提前做好准备。","在长春乘坐公共交通工具、出入公共场所，都需要用到吉林省内的吉祥码。请提前进行相关注册并在地铁案件前出示吉祥码。"],"style":"text-indent: 1.5em; "},{"tag":"list","header":false,"content":[{"text":"吉祥码注册与使用","icon":"/module/icon/content.svg","path":"FAQ/jixiang-code/index"}]},{"tag":"title","text":"打车"},{"tag":"text","type":"p","text":["约 24 元，40 分钟左右。千万不要坐门口招揽客人那种“40 一位”、“50 一位”的黑车。请到出租车乘降点去坐车。"],"style":"text-indent: 1.5em; "},{"tag":"list","header":false,"content":[{"text":"更多打车相关提示","icon":"/module/icon/taxi.svg","path":"check/arrival/taxi"}]},{"tag":"footer","author":"Mr.Hope","time":"2020年7月25日"}],"shareable":true,"images":[],"id":"check/arrival/train/benbu2","scopeData":{"@type":"general","uniq_id":"guide/check/arrival/train/benbu2","title":"长春西站-到本部","digest":"乘坐地铁是最快捷最简便的方式，票价 3 元。从长春西站下车，直接乘坐地铁 2 号线，搭乘东方广场方向的地铁坐 9 站到解放大路站，之后站内换乘 1 号线乘坐开放红嘴子方向的地铁坐 1 站到东北师大站下车。首末班车时间 地铁二号线东方广场方向","thumbs":["https://v3.mp.innenu.com/img/inNENU.jpg"],"tags":["地铁(推荐)","公交(不推荐)","有轨电车-公交(不推荐)","打车"]}}