{"title":"坐火车到校","content":[{"tag":"title","text":"长春站"},{"tag":"text","type":"p","text":["长春站有南北出站口。南出站口有两个，分别为西侧的 A1 和东侧的 A2。北站口有两个，分别西侧的 B1 和东侧的 B2。在下火车进入出站地下通道时，头顶有告示牌注明自己即将到达的是哪个出站口。","新生报到期间，会有专人接站。"],"style":"text-indent: 1.5em; "},{"tag":"list","header":false,"content":[{"text":"到本部","path":"check/arrival/train/benbu"},{"text":"到净月","path":"check/arrival/train/jingyue"}]},{"tag":"title","text":"长春西站"},{"tag":"list","header":false,"content":[{"text":"去本部","path":"check/arrival/train/benbu2"},{"text":"去净月","path":"check/arrival/train/jingyue2"}]},{"tag":"list","header":false,"content":[{"text":"接站","icon":"/module/icon/pickup.svg","path":"check/arrival/pickup"}]},{"tag":"footer","author":"Mr.Hope","time":"2019年8月10日"}],"shareable":true,"images":[],"id":"check/arrival/train/index","scopeData":{"@type":"general","uniq_id":"guide/check/arrival/train/index","title":"坐火车到校","digest":"长春站有南北出站口。南出站口有两个，分别为西侧的 A1 和东侧的 A2。北站口有两个，分别西侧的 B1 和东侧的 B2。在下火车进入出站地下通道时，头顶有告示牌注明自己即将到达的是哪个出站口。 新生报到期间，会有专人接站。","thumbs":["https://v3.mp.innenu.com/img/inNENU.jpg"],"tags":["长春站","长春西站"]}}