{"title":"坐火车到校","shareable":true,"contact":true,"content":[{"tag":"title","text":"长春站"},{"tag":"text","text":["   长春站有南北出站口。南出站口有直达本部校区的公交线路。北站口有两个，分别西侧的B1和东侧的B2。在下火车进入出站地下通道时，头顶有告示牌注明自己即将到达的是哪个出站口。新生报到期间，会有专人接站。"]},{"tag":"list","content":[{"text":"到本部","path":"check/arrival/train/benbu"},{"text":"到净月","path":"check/arrival/train/jingyue"}]},{"tag":"title","text":"长春西站"},{"tag":"list","header":" ","content":[{"text":"去本部","path":"check/arrival/train/benbu2"},{"text":"去净月","path":"check/arrival/train/jingyue2"}]},{"tag":"list","content":[{"text":"接站","icon":"/module/icon/pickup.svg","path":"check/arrival/pickup"}]},{"tag":"footer","author":"Mr.Hope","time":"2019年8月10日"}],"images":[],"id":"check/arrival/train/index"}