{"title":"坐飞机到校","content":[{"tag":"title","text":"先乘坐动车到长春站(最优)"},{"tag":"text","type":"p","text":["从离市区较远的龙嘉机场下车后，最好的方式是先乘坐动车到达长春站，动车价格便宜，车次频繁，速度快，全程约 15 分钟，每 45 分钟一班。每天大约有 16 趟车(一等座: 10.5元；二等座: 8.5元)。"],"style":"text-indent: 1.5em; "},{"tag":"img","src":"https://v3.mp.innenu.com/img/check/check22.jfif","desc":"图为龙嘉到长春动车时刻表"},{"tag":"text","type":"p","text":["下飞机之后，需要走出机场，经过天桥既是动车站。可以提前在 12306 APP 上购买动车票，外面取票人多，过安检之后有取票机人少取票便捷。"],"style":"text-indent: 1.5em; "},{"tag":"list","content":[{"text":"到本部","path":"check/arrival/plane/benbu"},{"text":"到净月","path":"check/arrival/plane/jingyue"}]},{"tag":"footer","author":"Mr.Hope","time":"2019年7月21日"}],"shareable":true,"contact":true,"images":["https://v3.mp.innenu.com/img/check/check22.jfif"],"id":"check/arrival/plane/index","scopeData":{"@type":"general","uniq_id":"guide/check/arrival/plane/index","cover":"https://v3.mp.innenu.com/img/check/check22.jfif","title":"坐飞机到校","digest":"从离市区较远的龙嘉机场下车后，最好的方式是先乘坐动车到达长春站，动车价格便宜，车次频繁，速度快，全程约 15 分钟，每 45 分钟一班。每天大约有 16 趟车(一等座: 10.5元；二等座: 8.5元)。下飞机之后，需要走出机场，经过天桥既","thumbs":["https://v3.mp.innenu.com/img/check/check22.jfif"],"tags":["先乘坐动车到长春站(最优)"]}}