{"title":"坐飞机-到净月","shareable":true,"contact":true,"content":[{"tag":"title","text":"动车-其他(最优推荐)"},{"tag":"text","type":"p","text":["先坐动车到长春站，约15分钟，每天大约有16趟车，之后从火车站道净月。"],"style":"text-indent: 1.5em; "},{"tag":"list","header":false,"content":[{"text":"火车站-净月","icon":"/module/icon/train.svg","path":"check/arrival/train/jingyue"}]},{"tag":"title","text":"打车"},{"tag":"text","type":"p","text":["机场-市内 80 - 90 元(不含高速费)，市内-净月校区 20，讲价完大约 100 多点。可以走机场高速-长平高速，到净月收费站下，40 分钟左右。"],"style":"text-indent: 1.5em; "},{"tag":"title","text":"机场大巴-公交"},{"tag":"text","type":"p","text":["乘坐机场大巴到人民广场 (20元)，转乘 160(2元) 至东北师范大学站。全程 2 小时左右。"],"style":"text-indent: 1.5em; "},{"tag":"footer","author":"Mr.Hope","time":"20199年7月21日"}],"images":[],"id":"check/arrival/plane/jingyue","scopeData":{"@type":"general","uniq_id":"guide/check/arrival/plane/jingyue","title":"坐飞机-到净月","digest":"先坐动车到长春站，约15分钟，每天大约有16趟车，之后从火车站道净月。机场-市内 80 - 90 元(不含高速费)，市内-净月校区 20，讲价完大约 100 多点。可以走机场高速-长平高速，到净月收费站下，40 分钟左右。乘坐机场大巴到人民","thumbs":["https://v3.mp.innenu.com/img/inNENU.jpg"],"tags":["动车-其他(最优推荐)","打车","机场大巴-公交"]}}