{"title":"北苑清真餐厅","content":[{"tag":"title","text":"清真食堂"},{"tag":"img","src":"https://v3.mp.innenu.com/img/dining/dining14.jpg"},{"tag":"img","src":"https://v3.mp.innenu.com/img/dining/dining15.jpg"},{"tag":"text","heading":"清真套餐","text":["价位：一荤两素大概平均价位在 7、8 元左右，两荤一素在 9、10 元左右。"]},{"tag":"text","heading":"其他","text":["自选麻辣烫，自选水果捞、炒面、炒饭"]},{"tag":"text","heading":"提供菜品","text":["￥6起"]},{"tag":"text","heading":"注意","text":["为了尊重他人的饮食习惯，请不要带非清真类食品、非清真食堂的筷子餐盘等入内。"]},{"tag":"footer","author":"Mr.Hope","time":"2020年2月22日"}],"shareable":true,"contact":true,"images":["https://v3.mp.innenu.com/img/dining/dining14.jpg","https://v3.mp.innenu.com/img/dining/dining15.jpg"],"id":"dining/beiyuan/muslim","scopeData":{"@type":"general","uniq_id":"guide/dining/beiyuan/muslim","cover":"https://v3.mp.innenu.com/img/dining/dining14.jpg","title":"北苑清真餐厅","digest":"清真套餐 价位：一荤两素大概平均价位在 7、8 元左右，两荤一素在 9、10 元左右。其他 自选麻辣烫，自选水果捞、炒面、炒饭提供菜品 ￥6起注意 为了尊重他人的饮食习惯，请不要带非清真类食品、非清真食堂的筷子餐盘等入内。","thumbs":["https://v3.mp.innenu.com/img/dining/dining14.jpg","https://v3.mp.innenu.com/img/dining/dining15.jpg"],"tags":["清真食堂"]}}