{"title":"录取通知书","shareable":true,"content":[{"tag":"title","text":"录取通知书内容"},{"tag":"text","type":"p","text":["录取通知书包含录取通知书一份、新生入学指南一本、征兵宣传单一张，资助政策介绍册一本、家庭经济困难学生认定身份申请表一张，免费师范生还包含了协议。不含手机卡、银行卡亦或校园卡。(强调一下免得各位担心自己少东西了)"],"style":"text-indent: 1.5em; "},{"tag":"title","text":"学号"},{"tag":"text","text":["录取通知书编号即为学号。"]},{"tag":"title","text":"师范生协议"},{"tag":"text","text":["协议只有免费师范生会有，协议书一共四份，"]},{"tag":"img","src":"https://v3.mp.innenu.com/img/check/check24.png","desc":"图为录取通知书邮寄袋"},{"tag":"img","src":"https://v3.mp.innenu.com/img/check/check26.jpg"},{"tag":"img","src":"https://v3.mp.innenu.com/img/check/check25.jpg","desc":"图为录取通知书"},{"tag":"footer","author":"Mr.Hope","time":"2019年8月11日"}],"images":["https://v3.mp.innenu.com/img/check/check24.png","https://v3.mp.innenu.com/img/check/check26.jpg","https://v3.mp.innenu.com/img/check/check25.jpg"],"id":"FAQ/admission-notice","scopeData":{"@type":"general","uniq_id":"guide/FAQ/admission-notice","cover":"https://v3.mp.innenu.com/img/check/check24.png","title":"录取通知书","digest":"录取通知书包含录取通知书一份、新生入学指南一本、征兵宣传单一张，资助政策介绍册一本、家庭经济困难学生认定身份申请表一张，免费师范生还包含了协议。不含手机卡、银行卡亦或校园卡。(强调一下免得各位担心自己少东西了)录取通知书编号即为学号。协议只","thumbs":["https://v3.mp.innenu.com/img/check/check24.png","https://v3.mp.innenu.com/img/check/check26.jpg","https://v3.mp.innenu.com/img/check/check25.jpg"],"tags":["录取通知书内容","学号","师范生协议"]}}