{"title":"老乡群","shareable":true,"content":[{"tag":"title","text":"东北师范大学老乡群"},{"tag":"text","text":["郑重声明: 因不存在什么官方老乡群，Mr.Hope 对任何老乡群的真实性与正规性无法做出评判。加群之后的任何后果与责任自负。"],"style":"color: red;"},{"tag":"text","type":"ol","heading":"老乡群汇总","text":["黑龙江 450225487","吉林长春老乡群 454504509","东北师范大学辽宁群 184208758","为内蒙古喝彩 64016787","湖北省老乡群 315504674","河北老乡群 666048072","湖南老乡群 157808753","天津老乡群 822145879","四川老乡群 769574887","北京青年北漂在东师 174840954","上海学生群 250805068","江苏人在东师 470036355","江西老乡会 254531580","山东同学群 233854449","新疆新生群 307427221","西藏东师藏娃群 274507376","广东省新生群 794986523","广西东师桂友会 518898289","山西 303745491","青海 193593119","宁夏 366354996","安徽 340128156","福建 107092900","重庆市 327126156","浙江省 299414484","河南省 482166362","海南省 48355600","贵州省 98786880","云南省 457556109","陕西省 253755498","甘肃省 577264612"]},{"tag":"text","type":"p","text":["请长按进行复制\""],"style":"text-indent: 1.5em; color: #888;font-size: 14px;"},{"tag":"footer","author":"Mr.Hope","desc":"如需补充请联系 QQ 1178522294","time":"2019年7月21日"}],"images":[],"id":"FAQ/fellow-group","scopeData":{"@type":"general","uniq_id":"guide/FAQ/fellow-group","title":"老乡群","digest":"郑重声明: 因不存在什么官方老乡群，Mr.Hope 对任何老乡群的真实性与正规性无法做出评判。加群之后的任何后果与责任自负。老乡群汇总 黑龙江 450225487 吉林长春老乡群 454504509 东北师范大学辽宁群 184208758 ","thumbs":["https://v3.mp.innenu.com/img/inNENU.jpg"],"tags":["东北师范大学老乡群"]}}