{"title":"新生问答","shareable":true,"grey":true,"contact":true,"content":[{"tag":"list","header":"报道之前","content":[{"text":"报到时间","path":"check/location-and-time"},{"text":"录取通知书内容详情","path":"FAQ/admission-notice"},{"text":"导员姓名与联系方式","path":"FAQ/counselor"},{"text":"新生入学前课程学习","path":"FAQ/beginning-course"}]},{"tag":"list","header":"找到组织","content":[{"text":"专业所属学院","path":"about/enroll"},{"text":"学校学院官方迎新群","path":"about/QQGroup"},{"text":"老乡群","path":"FAQ/fellow-group"}]},{"tag":"list","header":"报道相关","content":[{"text":"大学第一天","path":"FAQ/first-day"},{"text":"坐火车到校","path":"check/arrival/train/index"},{"text":"坐飞机到校","path":"check/arrival/plane/index"},{"text":"关于打车的提示","path":"check/arrival/taxi"},{"text":"关于接站","path":"check/arrival/pickup"}]},{"tag":"list","header":"开学活动","content":[{"text":"体检","path":"check/medical-examination"},{"text":"军训介绍","path":"FAQ/military-training/intro"},{"text":"军训介绍","path":"FAQ/military-training/detail"},{"text":"英语分班考试","path":"exam/grading-exam"}]},{"tag":"footer","author":"Mr.Hope","time":"2019年7月29日"}],"images":[],"id":"FAQ/index","scopeData":{"@type":"general","uniq_id":"guide/FAQ/index","title":"新生问答","digest":"","thumbs":[],"tags":[]}}