{"title":"易班注册流程","shareable":true,"content":[{"tag":"title","text":"Web端注册认证流程"},{"tag":"text","type":"p","text":["首先打开浏览器访问 https://www.yiban.cn/。点右上角的【注册】按钮。"],"style":"text-indent: 1.5em; "},{"tag":"img","src":"https://v3.mp.innenu.com/img/FAQ/yibanRegister1.png"},{"tag":"text","type":"p","text":["按照要求输入手机号与验证码，设置密码后点击下一步。"],"style":"text-indent: 1.5em; "},{"tag":"img","src":"https://v3.mp.innenu.com/img/FAQ/yibanRegister2.png"},{"tag":"text","type":"p","text":["直接点击【马上去校方认证】，填写学校(东北师范大学)、真实姓名和学号(录取通知书编号，2019 开头的 10 位数字)，点击【立即认证】，完成校方认证。"],"style":"text-indent: 1.5em; "},{"tag":"title","text":"客户端注册认证流程"},{"tag":"text","text":["  最新版客户端下载地址: \n  http://www.yiban.cn/upload/system/yiban_20190731_469.apk\n   点击【没有账号】进行注册。输入手机号，点击获取短信验证码后输入图形验证码，图形验证码正确后验证码会以短信形式发送。直接点击【马上去校方认证】，填写学校(东北师范大学)、真实姓名和学号(录取通知书编号，2019 开头的 10 位数字)，点击【立即认证】，完成校方认证。"]},{"tag":"title","text":"客户端注册认证流程"},{"tag":"text","type":"p","heading":"提示","text":["注册/认证完成后会自动与学校机构号成为好友，并且加入自己的学院以及 2019 新生学院。"],"style":"text-indent: 1.5em; "},{"tag":"footer","author":"Mr.Hope","time":"2019年8月2日"}],"images":["https://v3.mp.innenu.com/img/FAQ/yibanRegister1.png","https://v3.mp.innenu.com/img/FAQ/yibanRegister2.png"],"id":"FAQ/yiban","scopeData":{"@type":"general","uniq_id":"guide/FAQ/yiban","cover":"https://v3.mp.innenu.com/img/FAQ/yibanRegister1.png","title":"易班注册流程","digest":"首先打开浏览器访问 https://www.yiban.cn/。点右上角的【注册】按钮。按照要求输入手机号与验证码，设置密码后点击下一步。直接点击【马上去校方认证】，填写学校(东北师范大学)、真实姓名和学号(录取通知书编号，2019 开头的","thumbs":["https://v3.mp.innenu.com/img/FAQ/yibanRegister1.png","https://v3.mp.innenu.com/img/FAQ/yibanRegister2.png"],"tags":["Web端注册认证流程","客户端注册认证流程","客户端注册认证流程"]}}