[
  {
    "tag": "head",
    "title": "南门",
    "display": false
  },
  {
    "tag": "swiper",
    "url": [
      "https://mp.innenu.com/img/scence/benbu/southGate1.jfif",
      "https://mp.innenu.com/img/scence/benbu/southGate2.jfif"
    ]
  },
  {
    "tag": "title",
    "text": "南门"
  },
  {
    "tag": "p",
    "text": "   南门位于历史文化学院和综合实验楼附近，出了南门就是文昌路，附近有卖许多实惠的水果，也是德邦、天天快递、唯品会、当当的快递点。"
  },
  {
    "tag": "foot",
    "author": "Mr.Hope",
    "time": "2019/08/11"
  }
]
