[
  {
    "tag": "head",
    "title": "师训大楼",
    "display": false
  },
  {
    "tag": "swiper",
    "url": ["https://mp.innenu.com/img/nenuyouth.png"]
  },
  {
    "tag": "title",
    "text": "简介"
  },
  {
    "tag": "p",
    "text": "   师训大楼位于北苑餐厅门前、与学生二舍相邻。师训大楼也是国际汉学院的所在地，留学生们在这里上课。一楼有房角石咖啡厅、复印室。复印室能满足大多专业的打印需求。"
  },
  {
    "tag": "foot",
    "auther": "fy",
    "time": "2019/4/9"
  }
]
