[
  {
    "tag": "head",
    "title": "北门",
    "display": false
  },
  {
    "tag": "swiper",
    "url": ["https://mp.innenu.com/img/scence/benbu/northGate.jpg"]
  },
  {
    "tag": "title",
    "text": "北门"
  },
  {
    "tag": "p",
    "text": "这是离三舍最近的校门，正对着动植物公园门口，下车往左望分别就是三舍D(留学生公寓)、C、B、A，走两步就到了，同学们如果打车回学校可以让师傅们开到这个门。"
  },
  {
    "tag": "foot",
    "author": "Mr.Hope",
    "time": "2019/08/11"
  }
]
