[
  {
    "tag": "head",
    "title": "东北师范大学逸夫教学楼",
    "display": false
  },
  {
    "tag": "swiper",
    "url": ["https://mp.innenu.com/img/nenuyouth.png"]
  },
  {
    "tag": "title",
    "text": "东北师范大学逸夫教学楼"
  },
  {
    "tag": "p",
    "head": "简介",
    "text": "   逸夫教学楼靠近图书馆，是学校的两大公共教学楼之一，许多公共课、选修课就在此教学楼开展。目前逸夫教学楼新安装了空调。"
  },
  {
    "tag": "foot",
    "time": "2019/8/11"
  }
]
