[
  {
    "tag": "head",
    "title": "健身器材",
    "display": false
  },
  {
    "tag": "swiper",
    "url": ["https://mp.innenu.com/img/nenuyouth.png"]
  },
  {
    "tag": "title",
    "text": "健身器材"
  },
  {
    "tag": "p",
    "text": "又名“健身路径”，位于静湖旁的笼式足球门口的空地，器材丰富多样，能满足基本的健身需要，还有休闲跷跷板。是晚饭后散步运动的好去处。"
  },
  {
    "tag": "foot",
    "auther": "fy",
    "time": "2019/4/9"
  }
]
