[
  {
    "tag": "head",
    "title": "篮球场",
    "display": false
  },
  {
    "tag": "swiper",
    "url": ["http://gym.nenu.edu.cn/images/1.13_01.jpg"]
  },
  {
    "tag": "title",
    "text": "简介"
  },
  {
    "tag": "p",
    "text": "篮球场位于北苑超市后门，与逸夫科技馆相对。篮球场是篮球课的授课场所，下课后可以免费使用，篮球爱好者可以去篮球场打篮球。"
  },
  {
    "tag": "foot",
    "auther": "fy",
    "time": "2019/4/9"
  }
]
