[
  {
    "tag": "head",
    "title": "公交卡与地铁卡",
    "shareable": true,
    "contact": true
  },
  {
    "tag": "title",
    "text": "办理IC卡"
  },
  {
    "tag": "p",
    "text": "   在长春,刷IC卡乘公交车享受优惠，刷地铁不享受优惠。\n   恒客隆超市应当是离校园比较近的公交卡办理与充值地点了。\n地址：同志街2615号恒客隆超市二楼服务台旁\n时间：每天09:00～15:30 附：长春公交IC卡工本费30元。"
  },
  {
    "tag": "title",
    "text": "办理地铁卡"
  },
  {
    "tag": "p",
    "text": "   在长春，地铁卡刷地铁与轻轨享受95折优惠，刷公交车享受9折优惠。\n   在任意地铁站的窗口均可办理，工本费12元。"
  },
  {
    "tag": "foot",
    "author": "Mr.Hope",
    "time": "2019/4/9"
  }
]
