{"title":"体测简介","content":[{"tag":"text","type":"p","text":["每人每年秋季学期都要进行一次体质测试，体质测试不达标的，不能取得评优、评奖及毕业资格。"],"style":"text-indent: 1.5em; "},{"tag":"title","text":"及格分数"},{"tag":"text","type":"ul","text":["大一大二: 60分","大三大四: 50分"]},{"tag":"title","text":"体测时间安排"},{"tag":"text","type":"p","heading":"大一、大二、大三学年","text":["大一、大二、大三的学生每年秋季学期(一般安排在9月份)参加测试。秋季测试不合格的，可在每年的春季学期(一般安排在 4 月末 5 月初)再测试一次。"],"style":"text-indent: 1.5em; "},{"tag":"text","type":"p","heading":"大四学年","text":["大四学年的测试安排在大三学年的春季学期(一般安排在 4 月末 5 月初)进行，测试不合格的，可在大四学年的春季学期(一般安排在4月末5月初)再测试一次。"],"style":"text-indent: 1.5em; "},{"tag":"title","text":"体测测试项目及权重"},{"tag":"text","type":"p","text":["体测成绩为 标准分(100分) + 附加分(20分)，满分为 120 分。","标准分由各单项指标得分与权重乘积之和组成，满分为 100 分","附加分根据实测成绩确定，即对成绩超过 100 分的加分指标进行加分，满分为 20 分。男生加分指标为引体向上和 1000 米跑，女生加分指标为 1 分钟仰卧起坐和 800 米跑，各指标加分幅度均为 10 分。"],"style":"text-indent: 1.5em; "},{"tag":"text","text":["注: 体重指数(BMI) = 体重(千克) / 身高的平方(平方米)"],"style":"color: #888;font-size: 14px;"},{"tag":"img","src":"https://v3.mp.innenu.com/img/test/test.jfif"},{"tag":"title","text":"相关要求"},{"tag":"text","type":"ul","text":["穿运动服、运动鞋(如果穿休闲裤的话真的不会让你参加测试让你回去换裤子)","带一卡通，因为刷机器要用。一卡通临时丢失，携带学生证或身份证并跟测试教师说明情况。","申请免予执行《标准》的学生的诊断结果须存入学生个人体检档案, 体育课只能选修体育保健班的课程。"]},{"tag":"title","text":"缓考"},{"tag":"text","type":"p","text":["体测是有缓考的，一般在正式考试后的后两个月。如果因为原因无法参加正式测试，需要提出缓考申请。"],"style":"text-indent: 1.5em; "},{"tag":"list","header":" ","content":[{"text":"缓考申请","path":"exam/physical-examination/exempt"}]},{"tag":"title","text":"Nr.Hope 的友情提示"},{"tag":"text","type":"ul","text":["身体在生理期的女孩子们如果在正式考试没法进行长跑等项目的话，可以等缓考在进行。如果实在是两次都有特殊情况，可以跟教师说明情况适当通融，找一个时间在课上和某个大一班级一起测试也是可以的。Mr.Hope 和各位体育老师们郑重提示各位小仙女们，不要为了体测特意去吃药调整生理周期。","如果因为短时的身体原因不能参加测试的，如果条件允许尽量参加补测而不是提交身体诊断，因为申请免测的话诊断结果会存入个人体检档案，而且当学年只能选择体育保健班的课程，得不偿失。"]},{"tag":"footer","author":"Mr.Hope","time":"2020年7月18日"}],"shareable":true,"contact":true,"images":["https://v3.mp.innenu.com/img/test/test.jfif"],"id":"exam/physical-examination/intro"}