{"title":"测试项目评分表","content":[{"tag":"title","text":"体重指数(BMI)评分表"},{"tag":"img","src":"https://v3.mp.innenu.com/img/test/BMI.png"},{"tag":"title","text":"男生评分表"},{"tag":"img","src":"https://v3.mp.innenu.com/img/test/male.png"},{"tag":"title","text":"女生评分表"},{"tag":"img","src":"https://v3.mp.innenu.com/img/test/female.png"},{"tag":"title","text":"加分表"},{"tag":"img","src":"https://v3.mp.innenu.com/img/test/addScore.png"},{"tag":"text","type":"ol","heading":"说明","text":["引体向上、一分钟仰卧起坐均为高优指标，学生成绩超过单项评分 100 分后，以超过的次数所对应的分数进行加分。","1000米跑、800米跑均为低优指标，学生成绩低于单项评分 100 分后，以减少的秒数所对应的分数进行加分。"]},{"tag":"text","type":"p","text":["也就是说您的成绩比满分还好的话，会给您总成绩额外加分，而且您的成绩在哪个分段间就取最高的分数"],"style":"text-indent: 1.5em; font-size: 14px;color: #888;"},{"tag":"footer","author":"Mr.Hope","time":"2020年7月18日"}],"shareable":true,"contact":true,"images":["https://v3.mp.innenu.com/img/test/BMI.png","https://v3.mp.innenu.com/img/test/male.png","https://v3.mp.innenu.com/img/test/female.png","https://v3.mp.innenu.com/img/test/addScore.png"],"id":"exam/physical-examination/score"}