[
  {
    "tag": "head",
    "title": "开发日志",
    "grey": true
  },
  {
    "tag": "p",
    "head": "小程序简介：",
    "text": "独家主题接口与夜间模式接口;\n东师指南所有子界面实现动态加载，支持在线热更新\n动态弹窗通知；\n大部分界面支持分享。"
  },
  {
    "tag": "p",
    "head": "已知bug：",
    "text": "如果没有到指南页面更新最新资源，首页可能会发生错误。"
  },
  {
    "tag": "p",
    "head": "等待官方改进才能实现的内容：",
    "text": "iOSpicker-view夜间模式异常;\nbutton的open-type动态绑定;"
  },
  {
    "tag": "list",
    "head": "日志如下：",
    "content": [
      {
        "text": "alpha日志",
        "aim": "log1"
      },
      {
        "text": "V 0.1开发日志",
        "aim": "log2"
      },
      {
        "text": "V 0.2开发日志",
        "aim": "log3"
      },
      {
        "text": "V 0.3开发日志",
        "aim": "log4"
      },
      {
        "text": "V 0.4开发日志",
        "aim": "log5"
      },
      {
        "text": "V 0.5开发日志",
        "aim": "log6"
      },
      {
        "text": "V 0.6开发日志",
        "aim": "log7"
      },
      {
        "text": "V 0.7开发日志",
        "aim": "log8"
      },
      {
        "text": "V 0.8开发日志",
        "aim": "log9"
      },
      {
        "text": "V 0.9开发日志",
        "aim": "log10"
      },
      {
        "text": "V 1.0开发日志",
        "aim": "log11"
      },
      {
        "text": "V 1.1开发日志",
        "aim": "log12"
      },
      {
        "text": "V 1.2开发日志",
        "aim": "log13"
      },
      {
        "text": "V 1.3开发日志",
        "aim": "log14"
      },
      {
        "text": "V 2.0开发日志",
        "aim": "log15"
      },
      {
        "text": "V 2.1开发日志",
        "aim": "log16"
      },
      {
        "text": "V 2.2开发日志",
        "aim": "log17"
      },
      {
        "text": "V 2.3开发日志",
        "aim": "log18"
      },
      {
        "text": "V 2.4开发日志",
        "aim": "log19"
      }
    ]
  },
  {
    "tag": "foot"
  }
]
