[
  {
    "tag": "head",
    "title": "V 2.3更新日志",
    "grey": true
  },
  {
    "tag": "p",
    "head": "V2.3.1 2019.8.13",
    "text": "修复显示问题"
  },
  {
    "tag": "p",
    "head": "V2.3.2 2019.8.14",
    "text": "修复授权页面的更新问题\n修复地图tab栏问题"
  },
  {
    "tag": "p",
    "head": "V2.3.3 2019.8.16",
    "text": "添加Weui主题；"
  },
  {
    "tag": "p",
    "head": "V2.3.4 2019.8.14",
    "text": "提升小程序性能；"
  },
  {
    "tag": "p",
    "head": "V2.3.5 2019.8.17",
    "text": "同步QQ小程序，兼容QQ小程序低版本基础库\n发起了学习资料共享计划"
  },
  {
    "tag": "p",
    "head": "V2.3.6 2019.8.12",
    "text": "修复图片组件样式失效的问题\n修复引体向上等几个体测项目在成绩为0时还会给出10分的bug"
  },
  {
    "tag": "p",
    "head": "V2.3.7 2019.8.25",
    "text": "修复canvas使用即将废弃接口的错误，提高audit审计分数。"
  },
  {
    "tag": "p",
    "head": "V2.3.8 2019.8.31",
    "text": "与QQ版本小程序代码分支合并，之后采用同一套代码包。"
  },
  {
    "tag": "p",
    "head": "V2.3.9 2019.9.4",
    "text": "优化资源更新逻辑"
  },
  {
    "tag": "p",
    "head": "V2.3.10 2019.9.7",
    "text": "修复media组件的问题\n添加两个新的板块"
  },
  {
    "tag": "foot",
    "author": "Mr.Hope"
  }
]
