[
  {
    "tag": "head",
    "title": "V 2.1更新日志",
    "grey": true
  },
  {
    "tag": "p",
    "head": "V2.1.0 2019.7.26",
    "text": "初步完成小程序组件化"
  },
  {
    "tag": "p",
    "head": "V2.1.1 2019.7.27",
    "text": "减少小程序代码包体积"
  },
  {
    "tag": "p",
    "head": "V2.1.2 2019.7.28",
    "text": "添加天气页面"
  },
  {
    "tag": "p",
    "head": "V2.1.3 2019.7.29",
    "text": "修复预加载逻辑问题"
  },
  {
    "tag": "p",
    "head": "V2.1.4 2019.7.30",
    "text": "修复通知重复弹出的问题"
  },
  {
    "tag": "p",
    "head": "V2.1.5 2019.7.31",
    "text": "修复体测计算器夜间模式\n修复功能页文字错误"
  },
  {
    "tag": "p",
    "head": "V2.1.6 2019.7.31",
    "text": "改进天气模式背景"
  },
  {
    "tag": "p",
    "head": "V2.1.7 2019.7.31",
    "text": "添加授权设置页面"
  },
  {
    "tag": "p",
    "head": "V2.1.8 2019.8.1",
    "text": "完成段落与图片的组件化"
  },
  {
    "tag": "p",
    "head": "V2.1.9 2019.8.2",
    "text": "初步完成列表的组件化\n应用WeUIV2样式"
  },
  {
    "tag": "p",
    "head": "V2.2.0 2019.8.5",
    "text": "修复一些bug"
  },
  {
    "tag": "foot",
    "author": "Mr.Hope"
  }
]
