[
  {
    "tag": "head",
    "title": "V0.6开发日志",
    "grey": true
  },
  {
    "tag": "p",
    "head": "V0.6.1",
    "text": "修复完善了fileList部分更新的功能；\n简要制作了部分模块的夜间模式；"
  },
  {
    "tag": "p",
    "head": "V0.6.2",
    "text": "添加了swiper组件；\n改变了价格字体；"
  },
  {
    "tag": "p",
    "head": "V0.6.3",
    "text": "初步制作了东青文创中心界面；\n建立商品点击态；"
  },
  {
    "tag": "p",
    "head": "V0.6.4",
    "text": "初步制作了文创商品界面结构；\n构建返回按钮；\ntab页改版，新增我的东师界面；"
  },
  {
    "tag": "p",
    "head": "V0.6.5",
    "text": "初步制作了文创商品的弹出层；\n优化了下载文件时的百分比显示；\n修复了wechat主题设置界面分割线重叠的问题；"
  },
  {
    "tag": "p",
    "head": "V0.6.6",
    "text": "修复了wechat夜间模式导航栏阴影异常；\n添加了iOS的navigationBar回弹动画；\n修改了p标签head参数逻辑；"
  },
  {
    "tag": "p",
    "head": "V0.6.7",
    "text": "所有界面添加了sN函数；\n改进了utils.js；"
  },
  {
    "tag": "p",
    "head": "V0.6.8",
    "text": "改进了NENUNav；\n改进了error界面；\n改进map页样式；"
  },
  {
    "tag": "p",
    "head": "V0.6.9",
    "text": "修复NENUTitle位置错误；\n优化了cart页动画；\n构建common tab；"
  },
  {
    "tag": "p",
    "head": "V0.6.10",
    "text": "增加NENUTitle位置错误；\n重新设计了map页面；\n实现定位功能；"
  },
  {
    "tag": "foot"
  }
]
