{"title":"食杂店","content":[{"tag":"swiper","url":["https://v3.mp.innenu.com/img/nenuyouth.png"]},{"tag":"title","text":"简介"},{"tag":"text","text":["食杂店位于5舍大楼旁、中通韵达快递门口。"]},{"tag":"footer","author":"fy","time":"2019年4月9日"}],"hidden":true,"images":[],"id":"benbu/benbu50","scopeData":{"@type":"general","uniq_id":"guide/benbu/benbu50","title":"食杂店","digest":"食杂店位于5舍大楼旁、中通韵达快递门口。","thumbs":["https://v3.mp.innenu.com/img/inNENU.jpg"],"tags":["简介"]}}