{"title":"留学生公寓","content":[{"tag":"swiper","url":["https://v3.mp.innenu.com/img/dorm/dorm3D.webp"]},{"tag":"title","text":"留学生公寓"},{"tag":"text","text":["主要入住国外留学生，基本配置为一人一间，拥有空调、电视、厨房等基础设施，与此同时为来东师的宾客们提供基本的住宿。"]},{"tag":"footer","author":"Mr.Hope","time":"2019年08月11日"}],"hidden":true,"images":[],"id":"benbu/benbu12","scopeData":{"@type":"general","uniq_id":"guide/benbu/benbu12","title":"留学生公寓","digest":"主要入住国外留学生，基本配置为一人一间，拥有空调、电视、厨房等基础设施，与此同时为来东师的宾客们提供基本的住宿。","thumbs":["https://v3.mp.innenu.com/img/inNENU.jpg"],"tags":["留学生公寓"]}}