{"title":"健身器材","content":[{"tag":"swiper","url":["https://v3.mp.innenu.com/img/nenuyouth.png"]},{"tag":"title","text":"健身器材"},{"tag":"text","text":["又名“健身路径”，位于静湖旁的笼式足球门口的空地，器材丰富多样，能满足基本的健身需要，还有休闲跷跷板。是晚饭后散步运动的好去处。"]},{"tag":"footer","author":"fy","time":"2019年4月9日"}],"hidden":true,"images":[],"id":"benbu/benbu52","scopeData":{"@type":"general","uniq_id":"guide/benbu/benbu52","title":"健身器材","digest":"又名“健身路径”，位于静湖旁的笼式足球门口的空地，器材丰富多样，能满足基本的健身需要，还有休闲跷跷板。是晚饭后散步运动的好去处。","thumbs":["https://v3.mp.innenu.com/img/inNENU.jpg"],"tags":["健身器材"]}}