{"title":"东北师范大学校史馆","content":[{"tag":"swiper","url":["https://v3.mp.innenu.com/img/nenuyouth.png"]},{"tag":"title","text":"东北师范大学校史馆"},{"tag":"text","heading":"简介","text":["   校史馆建成于2005年，东北师范大学校史馆展厅设计特色鲜明，布展思路清晰明确，展出内容丰富翔实。校史馆的建成，为完善档案馆功能建设起到了积极的推进作用。"]},{"tag":"footer","author":"fy","time":"2019年4月9日"}],"hidden":true,"images":[],"id":"benbu/benbu36","scopeData":{"@type":"general","uniq_id":"guide/benbu/benbu36","title":"东北师范大学校史馆","digest":"简介    校史馆建成于2005年，东北师范大学校史馆展厅设计特色鲜明，布展思路清晰明确，展出内容丰富翔实。校史馆的建成，为完善档案馆功能建设起到了积极的推进作用。","thumbs":["https://v3.mp.innenu.com/img/inNENU.jpg"],"tags":["东北师范大学校史馆"]}}