{"title":"西门(正门)","content":[{"tag":"swiper","url":["https://v3.mp.innenu.com/img/scence/benbu/westGate1.jfif","https://v3.mp.innenu.com/img/scence/benbu/westGate2.jfif"]},{"tag":"title","text":"西门(正门)"},{"tag":"text","text":["西门也是学校的正门，进门正对着就是学校的图书馆。"]},{"tag":"footer","author":"Mr.Hope","time":"2019年08月11日"}],"hidden":true,"images":[],"id":"benbu/benbu2","scopeData":{"@type":"general","uniq_id":"guide/benbu/benbu2","title":"西门(正门)","digest":"西门也是学校的正门，进门正对着就是学校的图书馆。","thumbs":["https://v3.mp.innenu.com/img/inNENU.jpg"],"tags":["西门(正门)"]}}