{"title":"排球场","content":[{"tag":"swiper","url":["http://gym.nenu.edu.cn/images/1.14_01.jpg"]},{"tag":"title","text":"简介"},{"tag":"text","text":["排球场位于地理科学院的东侧，北苑超市的西侧，每到傍晚空闲时，排球场就热闹起来，有在旁边羽毛球小场打羽毛球的，有组队打排球的，有时还有锅庄舞协会在集体练舞。"]},{"tag":"footer","author":"fy","time":"2019年4月9日"}],"hidden":true,"images":[],"id":"benbu/benbu54","scopeData":{"@type":"general","uniq_id":"guide/benbu/benbu54","title":"排球场","digest":"排球场位于地理科学院的东侧，北苑超市的西侧，每到傍晚空闲时，排球场就热闹起来，有在旁边羽毛球小场打羽毛球的，有组队打排球的，有时还有锅庄舞协会在集体练舞。","thumbs":["https://v3.mp.innenu.com/img/inNENU.jpg"],"tags":["简介"]}}