{"title":"逸夫科技馆","content":[{"tag":"swiper","url":["https://v3.mp.innenu.com/img/nenuyouth.png"]},{"tag":"title","text":"简介"},{"tag":"text","text":["  逸夫科技馆位于化学院东面、与篮球场相对，其内部大部分都是物理与化学学院的实验室、教师办公室。物理、化学相关期刊的编辑室也在这里。在逸夫科技馆的一楼半还有一个大型的礼堂/阶梯教室，一些研究生课程会在此处开展。"]},{"tag":"footer","author":"Mr.Hope","time":"2019年8月31日"}],"hidden":true,"images":[],"id":"benbu/benbu40","scopeData":{"@type":"general","uniq_id":"guide/benbu/benbu40","title":"逸夫科技馆","digest":"  逸夫科技馆位于化学院东面、与篮球场相对，其内部大部分都是物理与化学学院的实验室、教师办公室。物理、化学相关期刊的编辑室也在这里。在逸夫科技馆的一楼半还有一个大型的礼堂/阶梯教室，一些研究生课程会在此处开展。","thumbs":["https://v3.mp.innenu.com/img/inNENU.jpg"],"tags":["简介"]}}