{"title":"南门","content":[{"tag":"swiper","url":["https://mp.innenu.com/img/scence/benbu/southGate1.jfif","https://mp.innenu.com/img/scence/benbu/southGate2.jfif"]},{"tag":"title","text":"南门"},{"tag":"text","type":"p","text":"南门位于历史文化学院和综合实验楼附近，出了南门就是文昌路，附近有会有一些卖水果的商贩，也是德邦、天天快递、唯品会、当当的快递点。"},{"tag":"footer","author":"Mr.Hope","time":"2019年08月11日"}],"hidden":true}