{"title":"综合教学楼","content":[{"tag":"swiper","url":["https://v3.mp.innenu.comcom/img/scence/benbu/zonghe.webp"]},{"tag":"title","text":"综合教学楼"},{"tag":"text","heading":"简介","text":"   综合教学楼是全校师生授课学习的地方，大学英语课、计算机课以及部分选修课都在该教学楼里进行，同时也是四六级等等级考试的考试场地。而且综合教学楼靠近南苑餐厅，下课后您可以选择在南苑餐厅就餐。"},{"tag":"footer","author":"fy","time":"2019年8月11日"}],"hidden":true}