{"title":"附属幼儿园北门","content":[{"tag":"swiper","url":["https://v3.mp.innenu.com/img/nenuyouth.png"]},{"tag":"title","text":"附属幼儿园北门"},{"tag":"text","text":["这个门是位于幼儿园西侧的小门，该门出去就是自由大路。"]},{"tag":"footer","author":"Mr.Hope","time":"2019年08月11日"}],"hidden":true,"images":[],"id":"benbu/benbu5","scopeData":{"@type":"general","uniq_id":"guide/benbu/benbu5","title":"附属幼儿园北门","digest":"这个门是位于幼儿园西侧的小门，该门出去就是自由大路。","thumbs":["https://v3.mp.innenu.com/img/inNENU.jpg"],"tags":["附属幼儿园北门"]}}