{"title":"三舍 A","content":[{"tag":"swiper","url":["https://gss0.bdstatic.com/-4o3dSag_xI4khGkpoWK1HF6hhy/baike/c0%3Dbaike80%2C5%2C5%2C80%2C26/sign=d27778e4ae6eddc432eabca958b2dd98/730e0cf3d7ca7bcbd6c5912ebd096b63f624a871.jpg"]},{"tag":"title","text":"三舍 A"},{"tag":"text","type":"p","text":["住女生，共 15 层。入住外语学院英语系(包括公费师范生)、物理、文学、化学学院、环境学院(大一)学生。有电梯 4 台。一楼有自助终端机。"],"style":"text-indent: 1.5em; "},{"tag":"title","text":"门禁时间"},{"tag":"text","text":["6:00-22:30"]},{"tag":"title","text":"供电时间"},{"tag":"text","text":["早 6:00-8:00，中 12:00-13:30，晚 15:30-23:00(周一至周五)","6:00-23:00(周六至周日)"]},{"tag":"list","header":false,"content":[{"text":"更多寝室相关","path":"dorm/index"}]},{"tag":"footer","author":"Mr.Hope","time":"2019年08月11日"}],"hidden":true,"images":[],"id":"benbu/benbu9","scopeData":{"@type":"general","uniq_id":"guide/benbu/benbu9","title":"三舍 A","digest":"住女生，共 15 层。入住外语学院英语系(包括公费师范生)、物理、文学、化学学院、环境学院(大一)学生。有电梯 4 台。一楼有自助终端机。6:00-22:30早 6:00-8:00，中 12:00-13:30，晚 15:30-23:00(周","thumbs":["https://v3.mp.innenu.com/img/inNENU.jpg"],"tags":["三舍 A","门禁时间","供电时间"]}}