{"title":"八舍","content":[{"tag":"title","text":"八舍"},{"tag":"text","text":["东北师范大学八舍主要接纳文学院、地理科学学院以及化学学院的研究生入住。"]},{"tag":"footer","author":"Mr.Hope","time":"2019年08月11日"}],"hidden":true,"images":[],"id":"benbu/benbu17","scopeData":{"@type":"general","uniq_id":"guide/benbu/benbu17","title":"八舍","digest":"东北师范大学八舍主要接纳文学院、地理科学学院以及化学学院的研究生入住。","thumbs":["https://v3.mp.innenu.com/img/inNENU.jpg"],"tags":["八舍"]}}