{"title":"制作中","content":[{"tag":"swiper","url":["https://gss2.bdstatic.com/9fo3dSag_xI4khGkpoWK1HF6hhy/baike/c0%3Dbaike80%2C5%2C5%2C80%2C26/sign=cc0f16d490529822113e3191b6a310ae/b2de9c82d158ccbfe6ad9f2919d8bc3eb135418b.jpg"]},{"tag":"title","text":"制作中"},{"tag":"text","heading":"学院简介","text":["制作中..."]},{"tag":"text","heading":"师资力量","text":["制作中..."]},{"tag":"text","heading":"学科建设","text":["制作中..."]},{"tag":"text","heading":"人才培养","text":["制作中..."]},{"tag":"text","heading":"联系方式","text":["制作中..."]},{"tag":"footer","desc":"来源: 东北师范大学官网"}],"hidden":true,"images":[],"id":"benbu/benbu19","scopeData":{"@type":"general","uniq_id":"guide/benbu/benbu19","title":"制作中","digest":"学院简介 制作中...师资力量 制作中...学科建设 制作中...人才培养 制作中...联系方式 制作中...","thumbs":["https://v3.mp.innenu.com/img/inNENU.jpg"],"tags":["制作中"]}}