{"title":"网球场","content":[{"tag":"swiper","url":["http://gym.nenu.edu.cn/images/1.17_01.jpg"]},{"tag":"title","text":"简介"},{"tag":"text","text":["   网球场紧邻南苑食堂，每每路过，总能看到有热爱网球的小伙伴在打球或训练，有爱好网球的同学一定要多来这里锻炼哦。"]},{"tag":"footer","author":"fy","time":"2019年4月9日"}],"hidden":true,"images":[],"id":"benbu/benbu56","scopeData":{"@type":"general","uniq_id":"guide/benbu/benbu56","title":"网球场","digest":"   网球场紧邻南苑食堂，每每路过，总能看到有热爱网球的小伙伴在打球或训练，有爱好网球的同学一定要多来这里锻炼哦。","thumbs":["https://v3.mp.innenu.com/img/inNENU.jpg"],"tags":["简介"]}}