{"title":"二舍","content":[{"tag":"swiper","url":["https://v3.mp.innenu.com/img/dorm/dorm2.webp"]},{"tag":"title","text":"二舍"},{"tag":"text","text":["二舍主要接纳马克思主义学部和物理学院的研究生，一楼有校园快递服务中心——菜鸟驿站，对面就是北苑食堂。"]},{"tag":"footer","author":"Mr.Hope","time":"2019年08月11日"}],"hidden":true,"images":[],"id":"benbu/benbu8","scopeData":{"@type":"general","uniq_id":"guide/benbu/benbu8","title":"二舍","digest":"二舍主要接纳马克思主义学部和物理学院的研究生，一楼有校园快递服务中心——菜鸟驿站，对面就是北苑食堂。","thumbs":["https://v3.mp.innenu.com/img/inNENU.jpg"],"tags":["二舍"]}}