{"title":"北门","content":[{"tag":"swiper","url":["https://v3.mp.innenu.com/img/scence/benbu/northGate.jpg"]},{"tag":"title","text":"北门"},{"tag":"text","text":["这是离三舍最近的校门，正对着动植物公园门口，下车往左望分别就是三舍D(留学生公寓)、C、B、A，走两步就到了，同学们如果打车回学校可以让师傅们开到这个门。"]},{"tag":"footer","author":"Mr.Hope","time":"2019年08月11日"}],"hidden":true,"images":[],"id":"benbu/benbu6","scopeData":{"@type":"general","uniq_id":"guide/benbu/benbu6","title":"北门","digest":"这是离三舍最近的校门，正对着动植物公园门口，下车往左望分别就是三舍D(留学生公寓)、C、B、A，走两步就到了，同学们如果打车回学校可以让师傅们开到这个门。","thumbs":["https://v3.mp.innenu.com/img/inNENU.jpg"],"tags":["北门"]}}