{"title":"小南门","content":[{"tag":"swiper","url":["https://v3.mp.innenu.com/img/scence/benbu/littleSouthGate.jfif"]},{"tag":"title","text":"小南门"},{"tag":"text","text":["小南门位于田径场旁，附近有价格比较实惠的水果摊，还有很多人宵夜的不二之选——烧烤。从小南门出去去文昌路是最近的。平日里可以从这个门和同学一起去搓一顿。"]},{"tag":"footer","author":"Mr.Hope","time":"2019年08月11日"}],"hidden":true,"images":[],"id":"benbu/benbu7","scopeData":{"@type":"general","uniq_id":"guide/benbu/benbu7","title":"小南门","digest":"小南门位于田径场旁，附近有价格比较实惠的水果摊，还有很多人宵夜的不二之选——烧烤。从小南门出去去文昌路是最近的。平日里可以从这个门和同学一起去搓一顿。","thumbs":["https://v3.mp.innenu.com/img/inNENU.jpg"],"tags":["小南门"]}}