{"title":"轮滑场","content":[{"tag":"swiper","url":["https://v3.mp.innenu.com/img/nenuyouth.png"]},{"tag":"title","text":"简介"},{"tag":"text","text":["轮滑场位于篮球场和网球场中间，每天傍晚夜幕降临之时，轮滑场就聚集起许多轮滑爱好者，多彩的灯光、行云流水的轮滑技术，令人赏心悦目。"]},{"tag":"footer","author":"fy","time":"2019年4月9日"}],"hidden":true,"images":[],"id":"benbu/benbu55","scopeData":{"@type":"general","uniq_id":"guide/benbu/benbu55","title":"轮滑场","digest":"轮滑场位于篮球场和网球场中间，每天傍晚夜幕降临之时，轮滑场就聚集起许多轮滑爱好者，多彩的灯光、行云流水的轮滑技术，令人赏心悦目。","thumbs":["https://v3.mp.innenu.com/img/inNENU.jpg"],"tags":["简介"]}}