{"title":"东北师范大学逸夫教学楼","content":[{"tag":"swiper","url":["https://v3.mp.innenu.com/img/nenuyouth.png"]},{"tag":"title","text":"东北师范大学逸夫教学楼"},{"tag":"text","heading":"简介","text":["   逸夫教学楼靠近图书馆，是学校的两大公共教学楼之一，许多公共课、选修课就在此教学楼开展。目前逸夫教学楼新安装了空调。"]},{"tag":"footer","author":"Mr.Hope","time":"2019年8月11日"}],"hidden":true,"images":[],"id":"benbu/benbu38","scopeData":{"@type":"general","uniq_id":"guide/benbu/benbu38","title":"东北师范大学逸夫教学楼","digest":"简介    逸夫教学楼靠近图书馆，是学校的两大公共教学楼之一，许多公共课、选修课就在此教学楼开展。目前逸夫教学楼新安装了空调。","thumbs":["https://v3.mp.innenu.com/img/inNENU.jpg"],"tags":["东北师范大学逸夫教学楼"]}}