{"title":"南门","content":[{"tag":"swiper","url":["https://v3.mp.innenu.com/img/scence/benbu/southGate1.jfif","https://v3.mp.innenu.com/img/scence/benbu/southGate2.jfif"]},{"tag":"title","text":"南门"},{"tag":"text","type":"p","text":["南门位于历史文化学院和综合实验楼附近，出了南门就是文昌路，附近有会有一些卖水果的商贩，也是德邦、天天快递、唯品会、当当的快递点。"],"style":"text-indent: 1.5em; "},{"tag":"footer","author":"Mr.Hope","time":"2019年08月11日"}],"hidden":true,"images":[],"id":"benbu/benbu1","scopeData":{"@type":"general","uniq_id":"guide/benbu/benbu1","title":"南门","digest":"南门位于历史文化学院和综合实验楼附近，出了南门就是文昌路，附近有会有一些卖水果的商贩，也是德邦、天天快递、唯品会、当当的快递点。","thumbs":["https://v3.mp.innenu.com/img/inNENU.jpg"],"tags":["南门"]}}