{"title":"综合实验楼","content":[{"tag":"swiper","url":["https://v3.mp.innenu.com/img/nenuyouth.png"]},{"tag":"text","heading":"简介","text":["综合实验楼主要是生命科学学院的实验室与教授办公室。"]},{"tag":"footer","author":"fy","time":"2019年4月9日"}],"hidden":true,"images":[],"id":"benbu/benbu41","scopeData":{"@type":"general","uniq_id":"guide/benbu/benbu41","title":"综合实验楼","digest":"简介 综合实验楼主要是生命科学学院的实验室与教授办公室。","thumbs":["https://v3.mp.innenu.com/img/inNENU.jpg"],"tags":[]}}