{"title":"师训大楼","content":[{"tag":"swiper","url":["https://v3.mp.innenu.com/img/nenuyouth.png"]},{"tag":"title","text":"简介"},{"tag":"text","text":["   师训大楼位于北苑餐厅门前、与学生二舍相邻。师训大楼也是国际汉学院的所在地，留学生们在这里上课。一楼有房角石咖啡厅、复印室。复印室能满足大多专业的打印需求。"]},{"tag":"footer","author":"fy","time":"2019年4月9日"}],"hidden":true,"images":[],"id":"benbu/benbu42","scopeData":{"@type":"general","uniq_id":"guide/benbu/benbu42","title":"师训大楼","digest":"   师训大楼位于北苑餐厅门前、与学生二舍相邻。师训大楼也是国际汉学院的所在地，留学生们在这里上课。一楼有房角石咖啡厅、复印室。复印室能满足大多专业的打印需求。","thumbs":["https://v3.mp.innenu.com/img/inNENU.jpg"],"tags":["简介"]}}