{"title":"行政楼","content":[{"tag":"swiper","url":["https://v3.mp.innenu.com/img/nenuyouth.png"]},{"tag":"title","text":"行政楼"},{"tag":"text","heading":"简介","text":["   行政楼位于东北师范大学正门的左边，离图书馆较近，是校级行政部门和校领导的办公场所。教务处、学生处、党委都在这里办公。"]},{"tag":"footer","author":"Mr.Hope","time":"2019年08月11日"}],"hidden":true,"images":[],"id":"benbu/benbu34","scopeData":{"@type":"general","uniq_id":"guide/benbu/benbu34","title":"行政楼","digest":"简介    行政楼位于东北师范大学正门的左边，离图书馆较近，是校级行政部门和校领导的办公场所。教务处、学生处、党委都在这里办公。","thumbs":["https://v3.mp.innenu.com/img/inNENU.jpg"],"tags":["行政楼"]}}