{"title":"中通快递点","content":[{"tag":"swiper","url":["https://v3.mp.innenu.com/img/nenuyouth.png"]},{"tag":"title","text":"简介"},{"tag":"text","text":["在绿园餐厅后米娜，离寝室非常远，唯一能抄的进路就是从小南门出去。所以如果不喜欢花费二十分钟去取快递的话可以考虑换一家快递。"]},{"tag":"footer","author":"fy","time":"2019年4月9日"}],"hidden":true,"images":[],"id":"benbu/benbu49","scopeData":{"@type":"general","uniq_id":"guide/benbu/benbu49","title":"中通快递点","digest":"在绿园餐厅后米娜，离寝室非常远，唯一能抄的进路就是从小南门出去。所以如果不喜欢花费二十分钟去取快递的话可以考虑换一家快递。","thumbs":["https://v3.mp.innenu.com/img/inNENU.jpg"],"tags":["简介"]}}