{"title":"西北门","content":[{"tag":"swiper","url":["https://v3.mp.innenu.com/img/scence/benbu/northWestGate.jpg"]},{"tag":"title","text":"西北门"},{"tag":"text","type":"p","text":["从这个门进去右手边是师大附属幼儿园。平时鲜有车通行。"],"style":"text-indent: 1.5em; "},{"tag":"footer","author":"Mr.Hope","time":"2019年08月11日"}],"hidden":true,"images":[],"id":"benbu/benbu4","scopeData":{"@type":"general","uniq_id":"guide/benbu/benbu4","title":"西北门","digest":"从这个门进去右手边是师大附属幼儿园。平时鲜有车通行。","thumbs":["https://v3.mp.innenu.com/img/inNENU.jpg"],"tags":["西北门"]}}