{"title":"研究生多媒体教室","content":[{"tag":"swiper","url":["https://v3.mp.innenu.com/img/nenuyouth.png"]},{"tag":"title","text":"研究生多媒体教室"},{"tag":"text","type":"p","heading":"简介","text":["这是一个在外国语学院旁边的中型阶梯型教室，跟本科生关系不大。"],"style":"text-indent: 1.5em; "}],"hidden":true,"images":[],"id":"benbu/benbu32","scopeData":{"@type":"general","uniq_id":"guide/benbu/benbu32","title":"研究生多媒体教室","digest":"简介 这是一个在外国语学院旁边的中型阶梯型教室，跟本科生关系不大。","thumbs":["https://v3.mp.innenu.com/img/inNENU.jpg"],"tags":["研究生多媒体教室"]}}