{"title":"篮球场","content":[{"tag":"swiper","url":["http://gym.nenu.edu.cn/images/1.13_01.jpg"]},{"tag":"title","text":"简介"},{"tag":"text","text":["篮球场位于北苑超市后门，与逸夫科技馆相对。篮球场是篮球课的授课场所，下课后可以免费使用，篮球爱好者可以去篮球场打篮球。"]},{"tag":"footer","author":"fy","time":"2019年4月9日"}],"hidden":true,"images":[],"id":"benbu/benbu53","scopeData":{"@type":"general","uniq_id":"guide/benbu/benbu53","title":"篮球场","digest":"篮球场位于北苑超市后门，与逸夫科技馆相对。篮球场是篮球课的授课场所，下课后可以免费使用，篮球爱好者可以去篮球场打篮球。","thumbs":["https://v3.mp.innenu.com/img/inNENU.jpg"],"tags":["简介"]}}