[{"title":"东师介绍","content":[{"name":"这里是东师","author":"东北师范大学党委宣传部","vid":"o3122f6450y"},{"name":"遇见东师","author":"传媒科学学院","src":"http://www.nenu.edu.cn/_upload/article/videos/86/ef/5c54a73e4aabbfa9908d70d407f9/6b17fee5-f6c5-471d-a984-b86059d65327_B.mp4"},{"name":"New Experience New Us","author":"东北师范大学党委宣传部","src":"http://www.nenu.edu.cn/_upload/article/videos/32/b8/e76e9c994b4cbbbd39e8a15e5b3a/a20a8299-b782-4b10-9543-e816c6e2e336.mp4"}]},{"title":"东师风采","content":[{"name":"东师版 “好想你” MV","author":"东师新媒体中心制作","vid":"q0505z2m913"},{"name":"东师陪你走过漫长岁月","author":"东师新媒体中心制作","vid":"l0341d3d7iw"},{"name":"东师日常","author":"东师新媒体中心制作","vid":"g03406pe57d"},{"name":"女生节活动现场摄影","author":"东师新媒体中心制作","vid":"w0381pbn246"},{"name":"远方有你灯光秀","author":"东师新媒体中心制作","vid":"m0515b5zg6o"},{"name":"我在东师挺好的","author":"东师新媒体中心制作","vid":"e0527tjofyy"}]},{"title":"远方有你","content":[{"name":"远方有你 2020 版","author":"东北师范大学党委学生工作部","src":"http://www.nenu.edu.cn/__local/8/DF/A4/7A469137E39CA3BA8F1A6B46FA5_6EE7B758_10D00822.mp4?e=.mp4"},{"name":"远方有你 2019 版","author":"东北师范大学党委学生工作部","src":"http://www.nenu.edu.cn/_upload/article/videos/82/f4/8e8390c8414db5c4341b20f5809f/e28aa22b-1f92-4232-9a47-e5fdfc4043c9.mp4"},{"name":"远方有你 2018 版","author":"东北师范大学党委学生工作部","src":"http://www.nenu.edu.cn/_upload/article/videos/ff/9a/daa2444c4b169d11c30408b8415f/088f791a-fbaa-4af4-a092-4734c584d3ae_B.mp4"}]},{"title":"东师文化","content":[{"name":"师德公约","author":"东北师范大学党委学生工作部","src":"http://www.nenu.edu.cn/_upload/article/videos/0c/1d/2708df2a430cb95d383b6a5a2a3c/c264ecf0-67ff-4342-85f3-eb90bb6e82db_B.mp4"},{"name":"东北师范大学校歌","author":"作词: 公木   作曲: 吕远","src":"http://www.nenu.edu.cn/_upload/article/videos/2c/dd/21695d4f46f0842e759a0a6ed3f0/7f22016c-0da0-4ef0-9749-50d87bd00b6f.mp4"}]},{"title":"东师人物","content":[{"name":"纪念郑德荣","author":"东北师范大学党委宣传部","src":"http://www.nenu.edu.cn/_upload/article/videos/65/1c/95a61dfa4c78b1845cda528c021d/55c6d9f1-5ad1-48e1-b61e-05a92420eca4_B.mp4"},{"name":"成仿吾1","author":"东北师范大学党委宣传部","src":"http://www.nenu.edu.cn/_upload/article/videos/eb/90/de8f1846463ba2a203fbdcd25cc6/89da0620-5953-4d57-b332-a24cc2ae8073.mp4"},{"name":"成仿吾2","author":"东北师范大学党委宣传部","src":"http://www.nenu.edu.cn/_upload/article/videos/61/d6/9b1561304809a197038aeb6e9e55/f5207709-d950-4876-a566-7bcb1416c125_B.mp4"}]},{"title":"专业介绍","content":[{"name":"东师中文的魅力 (汉语言文学专业)","author":"东北师范大学招生办公室","src":"http://zsb.nenu.edu.cn/__local/9/8A/35/E800FD647D19A6D80558C843AC6_DAB95A52_2F101C77.mp4"},{"name":"青蓝赓续 史院春秋 (历史学专业)","author":"东北师范大学招生办公室","src":"http://zsb.nenu.edu.cn/__local/4/79/93/B33DF0ACE5BFA0DA15131D2392B_F046F014_3930242F.mp4"},{"name":"松高芝兰 教育诗篇 (教育学类：教育学、小学教育、学前教育专业)","author":"东北师范大学招生办公室","src":"http://zsb.nenu.edu.cn/__local/1/4F/01/B2EA164E9F6650B634C6BB607F0_EF70C98F_183F6DA6.mp4"},{"name":"东师马部 资政育人 (马克思主义理论类：思想政治教育、哲学、社会学专业)","author":"东北师范大学招生办公室","src":"http://zsb.nenu.edu.cn/__local/F/72/F4/DC3C9AD686C7099B05E378FF66F_340F2893_1CAC0FE2.mp4"},{"name":"生命科学与人类健康 (生物科学类：生物科学、生物技术专业)","author":"东北师范大学招生办公室","src":"http://zsb.nenu.edu.cn/__local/5/E0/68/59A799D07A74A1F5CF3319AE50F_2F2F6184_EA38FCA.mp4"},{"name":"青春立志 环境精英 (环境科学与工程类：环境科学、环境工程、生态学专业)","author":"东北师范大学招生办公室","src":"http://zsb.nenu.edu.cn/__local/3/D6/FD/FBB180E7BDAC8DF19F6E4202448_0892F737_123D3390.mp4"},{"name":"走进东师 遇见数学 (数学类：数学与应用数学、统计学专业)","author":"东北师范大学招生办公室","src":"http://zsb.nenu.edu.cn/__local/1/05/9B/5451CA07A00FEBC22FB5E08E261_7DC7DE30_F603D17.mp4"},{"name":"逐梦政法 激扬青春 (政治学类：政治学与行政学、国际政治、法学、行政管理专业)","author":"东北师范大学招生办公室","src":"http://zsb.nenu.edu.cn/__local/1/E3/A7/DE5E423ADFFC95B1204FEAD4122_93D8AADA_16FFBAD7.mp4"},{"name":"格物致知 穷理笃行 (物理学类：物理学、材料物理、电子信息科学与技术专业)","author":"东北师范大学招生办公室","src":"http://zsb.nenu.edu.cn/__local/D/2A/48/0DC7445F0C4FF99BDF602AA6785_0F0441E3_F13096A.mp4"},{"name":"外传文蕴 语鸣杏坛 (英语、日语、俄语、商务英语专业)","author":"东北师范大学招生办公室","src":"http://zsb.nenu.edu.cn/__local/F/E0/46/B6AF5651AF3716364FC7F083F29_98C6C793_C623879.mp4"},{"name":"揭开心理学的神秘面纱 (心理学专业)","author":"东北师范大学招生办公室","src":"http://zsb.nenu.edu.cn/__local/F/5C/75/9E69D5463213F198A653BFC0B2E_531880B2_F5F2109.mp4"},{"name":"经济与管理人生(经济学类：金融学、会计学、人力资源管理、经济学、市场营销专业)","author":"东北师范大学招生办公室","src":"http://zsb.nenu.edu.cn/__local/8/6B/20/706341F12C6DE047D2B23BCC741_5B52B48B_121DBE51.mp4"},{"name":"美丽化学 寄情东师 (化学专业)","author":"东北师范大学招生办公室","src":"http://zsb.nenu.edu.cn/__local/A/2D/AA/1647F906E55E538C350FDE3740D_AEA58297_F135B20.mp4"},{"name":"地载万物 理蕴乾坤 (地理科学类：地理科学、人文地理与城乡规划、地理信息科学专业)","author":"东北师范大学招生办公室","src":"http://zsb.nenu.edu.cn/__local/C/5E/8F/4594C06AB2423364FC35201F616_92A5E334_169A575E.mp4"},{"name":"铸造体育精英 强师报国担当 (体育教育、运动训练、武术与民族传统体育专业)","author":"东北师范大学招生办公室","src":"http://zsb.nenu.edu.cn/__local/F/42/B6/24A5F9B82FCE5497AFCADE5BC97_848C8D9B_17232DEB.mp4"},{"name":"传艺送道 媒文传章 [广播电视编导、播音与主持艺术、数字媒体技术、新闻传播学类(新闻学、广告学)专业]","author":"东北师范大学招生办公室","src":"http://zsb.nenu.edu.cn/__local/5/E9/A8/8053D743EFA81014A075F548E69_6FEE89C6_1515D839.mp4"},{"name":"智能创造 遇见未来 (教育技术学、计算机科学与技术、智能科学与技术、图书馆专业)","author":"东北师范大学招生办公室","src":"http://zsb.nenu.edu.cn/__local/D/E0/95/866B7AA4A9FA8E35FE781CEAE39_FCEC3A01_16941046.mp4"},{"name":"弦歌曼舞 德音在兹 (音乐学、舞蹈编导专业)","author":"东北师范大学招生办公室","src":"http://zsb.nenu.edu.cn/__local/5/2B/23/1F7FB8F33E6AC2D2D7C5594DAD5_8C4A13F1_12D41BC7.mp4"},{"name":"艺术并重 道器兼修[美术学、雕塑设计学类(环境设计、视觉传达设计、服装与服饰设计)专业]","author":"东北师范大学招生办公室","src":"http://zsb.nenu.edu.cn/__local/3/2B/A8/EFAC87FF34B43020087E5E41285_6C2F4F91_DB5B6DE.mp4"}]},{"title":"规章制度","content":[{"name":"你只是心存侥幸","author":"东北师范大学党委学生工作部","vid":"u0881jlaba6"}]}]