{"title":"净月美食节","shareable":true,"contact":true,"content":[{"tag":"img","src":"https://mp.innenu.com/img/dining/dining36.jpg"},{"tag":"img","src":"https://mp.innenu.com/img/dining/dining37.jpg"},{"tag":"img","src":"https://mp.innenu.com/img/dining/dining38.jpg"},{"tag":"img","src":"https://mp.innenu.com/img/dining/dining39.jpg"},{"tag":"footer","author":"Mr.Hope","time":"2019/4/9"}],"images":["https://mp.innenu.com/img/dining/dining36.jpg","https://mp.innenu.com/img/dining/dining37.jpg","https://mp.innenu.com/img/dining/dining38.jpg","https://mp.innenu.com/img/dining/dining39.jpg"]}