{"title":"统一身份认证","grey":true,"content":[{"tag":"text","type":"p","heading":"统一身份认证介绍","text":["学校为每个人分配了一个统一身份，这个身份就是您的邮箱账号和密码。","无论您登录校园网、进入内网查看通知、查看是否欠书未还、查看校园卡余额以及消费记录、进入本科生或研究生选课平台、查成绩、查课表、访问 BB 平台、本科教学服务系统等等，各种与信息查询提交的有关的操作都需要这个统一身份。"],"style":"text-indent: 1.5em; "},{"tag":"list","header":"了解更多","content":[{"text":"统一身份认证","icon":"/module/icon/apply.svg","path":"account/authorize"},{"text":"校园邮箱","icon":"/module/icon/email.svg","path":"account/mail"}]},{"tag":"footer","author":"Mr.Hope","time":"2020年7月17日"}],"shareable":true,"contact":true,"images":[],"id":"account/index","scopeData":{"@type":"general","uniq_id":"guide/account/index","title":"统一身份认证","digest":"统一身份认证介绍 学校为每个人分配了一个统一身份，这个身份就是您的邮箱账号和密码。 无论您登录校园网、进入内网查看通知、查看是否欠书未还、查看校园卡余额以及消费记录、进入本科生或研究生选课平台、查成绩、查课表、访问 BB 平台、本科教学服务","thumbs":[],"tags":[]}}