{"title":"iOS邮件客户端设置","shareable":true,"contact":true,"content":[{"tag":"text","text":["   以 iPhone 上的原生(自带)右键客户端为例"]},{"tag":"img","src":"https://mp.innenu.com/img/account/iOSEmail1.png","desc":"选择”密码与账户“"},{"tag":"img","src":"https://mp.innenu.com/img/account/iOSEmail2.png","desc":"选择”添加账户“"},{"tag":"img","src":"https://mp.innenu.com/img/account/iOSEmail3.png","desc":"点击其他"},{"tag":"img","src":"https://mp.innenu.com/img/account/iOSEmail4.png","desc":"选择”添加邮箱账户“"},{"tag":"img","src":"https://mp.innenu.com/img/account/iOSEmail5.png","desc":"输入账号密码，全名和描述可自行填写"},{"tag":"img","src":"https://mp.innenu.com/img/account/iOSEmail6.png","desc":"按图示填写即可，邮箱账户和邮箱密码请填写自己对应的账户与密码"},{"tag":"text","text":["在最后一步点击存储，即可完成邮箱账户的添加，之后打开自带的邮件 App 即可查看邮件。"]},{"tag":"footer","time":"2020年2月22日"}],"images":["https://mp.innenu.com/img/account/iOSEmail1.png","https://mp.innenu.com/img/account/iOSEmail2.png","https://mp.innenu.com/img/account/iOSEmail3.png","https://mp.innenu.com/img/account/iOSEmail4.png","https://mp.innenu.com/img/account/iOSEmail5.png","https://mp.innenu.com/img/account/iOSEmail6.png"],"id":"account/iOS"}