{"title":"学校概况","grey":true,"content":[{"tag":"list","header":"本科招生情况","content":[{"text":"2019年本科开设专业","icon":"/icon/tabPage/about.svg","path":"about/enroll"}]},{"tag":"list","header":"东师及专业排名","content":[{"text":"东师排名","icon":"/module/icon/rank.svg","path":"about/rank"},{"text":"专业排名","icon":"/module/icon/rank.svg","path":"about/major-rank"}]},{"tag":"list","header":"新生","content":[{"text":"2019年新生群一览","icon":"/module/icon/qq-group.svg","path":"about/QQGroup"}]},{"tag":"list","header":"校园管理条例","content":[{"text":"常见犯错以及相关处罚规定","icon":"/module/icon/punish.svg","path":"about/punish"}]},{"tag":"footer","author":"Mr.Hope","time":"2020年7月18日"}],"contact":true,"shareable":true,"images":[],"id":"about/index","scopeData":{"@type":"general","uniq_id":"guide/about/index","title":"学校概况","digest":"","thumbs":["https://v3.mp.innenu.com/img/inNENU.jpg"],"tags":[]}}