{"title":"学校概况","shareable":true,"grey":true,"contact":true,"content":[{"tag":"list","header":"本科招生情况","content":[{"text":"2019年本科开设专业","icon":"/icon/tabPage/about.svg","path":"about/enroll"}]},{"tag":"list","header":"新生","content":[{"text":"2019年新生群一览","icon":"/module/icon/qq-group.svg","path":"about/QQGroup"}]},{"tag":"list","header":"校园管理条例","content":[{"text":"常见犯错以及相关处罚规定","icon":"/module/icon/punish.svg","path":"about/punish"}]},{"tag":"footer","author":"Mr.Hope","time":"2019年4月13日"}],"images":[],"id":"about/index"}