{"title":"专业排名","content":[{"tag":"title","text":"专业排名"},{"tag":"text","type":"p","text":["2020 年 3 月，金平果中评榜发布了 2020 中国大学分专业竞争力排行榜共计436个榜单，本次分专业排名属于金平果排行榜《中国大学及学科专业评价报告(2020-2021)》的重要组成部分。该评价由杭州电子科技大学中国科教评价研究院和浙江高等教育研究院、武汉大学中国科学评价研究中心和中国科教评价网(www.nseac.com)联合推出，全面、系统、客观、公正地评价了中国大陆2667所大学的实力和水平，并对 12 个学科门类、92 个专业类、436 个专业进行了综合竞争力评价。“金平果” 2020 版中国大学分专业竞争力排行榜共涉及 500 多个本科专业，开设高校数 6 所以上的专业有 436 个，这些专业属于本次公开发布的范围，其它专业由于开设高校数量较少，将不对外公布评价结果。我校共有 12 个专业进入了全国前 20。"],"style":"text-indent: 1.5em; "},{"tag":"text","type":"p","heading":"地理科学","text":["在此排行榜中，我校地理科学专业在全国参评的学校中位列第 8 名。"],"style":"text-indent: 1.5em; "},{"tag":"text","type":"p","heading":"地理信息科学","text":["在此排行榜中，我校地理信息科学专业在全国参评的学校中位列第 18 名。"],"style":"text-indent: 1.5em; "},{"tag":"text","type":"p","heading":"教育技术学","text":["在此排行榜中，我校教育技术学专业在全国参评的学校中位列第 7 名。"],"style":"text-indent: 1.5em; "},{"tag":"text","type":"p","heading":"资源管理","text":["在此排行榜中，我校化学专业在全国参评的学校中位列第 7 名。"],"style":"text-indent: 1.5em; "},{"tag":"text","type":"p","heading":"教育学","text":["在此排行榜中，我校教育学专业在全国参评的 151 所学校中位列第 3 名。"],"style":"text-indent: 1.5em; "},{"tag":"text","type":"p","heading":"小学教育","text":["在此排行榜中，我校小学教育专业在全国参评的学校中位列第 4 名。"],"style":"text-indent: 1.5em; "},{"tag":"text","type":"p","heading":"心理学","text":["在此排行榜中，我校教育学专业在全国参评的学校中位列第 10 名。"],"style":"text-indent: 1.5em; "},{"tag":"text","type":"p","heading":"历史学","text":["在此排行榜中，我校历史学专业在全国参评的 146 所学校中位列第 1 名。"],"style":"text-indent: 1.5em; "},{"tag":"text","type":"p","heading":"美术学","text":["在此排行榜中，我校心理学专业在全国参评的学校中位列第 14 名。"],"style":"text-indent: 1.5em; "},{"tag":"text","type":"p","heading":"学前教育","text":["在此排行榜中，我校学前教育专业在全国参评的学校中位列第 6 名。"],"style":"text-indent: 1.5em; "},{"tag":"text","type":"p","heading":"舞蹈编导","text":["在此排行榜中，我校美术学专业在全国参评的学校中位列第 14 名。"],"style":"text-indent: 1.5em; "},{"tag":"text","type":"p","heading":"思想政治教育","text":["在此排行榜中，我校思想政治教育专业在全国参评的学校中位列第 2 名。"],"style":"text-indent: 1.5em; "},{"tag":"text","type":"p","text":["此外，我校还拥有众多优秀学科：国家级特色专业：心理学、会计学、思想政治教育、环境科学、小学教育、物理学、生物科学、地理科学、汉语言文学、英语、历史学、数学与应用数学。国家“双一流”建设学科：马克思主义理论、世界史、数学、化学、统计学、材料科学与工程。国家重点学科：思想政治教育、教育学原理、世界史、细胞生物学、生态学。吉林省重中之重学科：马克思主义理论、教育学、世界史、化学、生物学、生态学、统计学、材料科学与工程。"],"style":"text-indent: 1.5em; "},{"tag":"footer","author":"Mr.Hope","time":"2019年4月9日"}],"shareable":true,"images":[],"id":"about/major-rank","scopeData":{"@type":"general","uniq_id":"guide/about/major-rank","title":"专业排名","digest":"2020 年 3 月，金平果中评榜发布了 2020 中国大学分专业竞争力排行榜共计436个榜单，本次分专业排名属于金平果排行榜《中国大学及学科专业评价报告(2020-2021)》的重要组成部分。该评价由杭州电子科技大学中国科教评价研究院和浙","thumbs":["https://v3.mp.innenu.com/img/inNENU.jpg"],"tags":["专业排名"]}}