{"title":"新生群一览","content":[{"tag":"title","text":"东北师范大学 2020 官方新生群"},{"tag":"img","src":"https://v3.mp.innenu.com/img/FAQ/QRCode.jpg"},{"tag":"title","text":"各学院官方迎新群"},{"tag":"text","text":["2020 年学院新生群等待更新...","(这个时候各个学院可能还没建)"]},{"tag":"img","src":"https://v3.mp.innenu.com/img/FAQ/QRCode1.png"},{"tag":"img","src":"https://v3.mp.innenu.com/img/FAQ/QRCode2.png"},{"tag":"img","src":"https://v3.mp.innenu.com/img/FAQ/QRCode3.png"},{"tag":"img","src":"https://v3.mp.innenu.com/img/FAQ/QRCode4.png"},{"tag":"img","src":"https://v3.mp.innenu.com/img/FAQ/QRCode5.png"},{"tag":"img","src":"https://v3.mp.innenu.com/img/FAQ/QRCode6.png"},{"tag":"img","src":"https://v3.mp.innenu.com/img/FAQ/QRCode7.png"},{"tag":"img","src":"https://v3.mp.innenu.com/img/FAQ/QRCode8.png"},{"tag":"img","src":"https://v3.mp.innenu.com/img/FAQ/QRCode9.png"},{"tag":"img","src":"https://v3.mp.innenu.com/img/FAQ/QRCode10.png"},{"tag":"img","src":"https://v3.mp.innenu.com/img/FAQ/QRCode11.png"},{"tag":"img","src":"https://v3.mp.innenu.com/img/FAQ/QRCode12.png"},{"tag":"img","src":"https://v3.mp.innenu.com/img/FAQ/QRCode13.jpg"},{"tag":"img","src":"https://v3.mp.innenu.com/img/FAQ/QRCode14.jpg"},{"tag":"img","src":"https://v3.mp.innenu.com/img/FAQ/QRCode15.png"},{"tag":"img","src":"https://v3.mp.innenu.com/img/FAQ/QRCode16.jpg"},{"tag":"img","src":"https://v3.mp.innenu.com/img/FAQ/QRCode17.jpg"},{"tag":"img","src":"https://v3.mp.innenu.com/img/FAQ/QRCode18.jpg"},{"tag":"footer","author":"Mr.Hope","time":"2019年8月15日"}],"shareable":true,"images":["https://v3.mp.innenu.com/img/FAQ/QRCode.jpg","https://v3.mp.innenu.com/img/FAQ/QRCode1.png","https://v3.mp.innenu.com/img/FAQ/QRCode2.png","https://v3.mp.innenu.com/img/FAQ/QRCode3.png","https://v3.mp.innenu.com/img/FAQ/QRCode4.png","https://v3.mp.innenu.com/img/FAQ/QRCode5.png","https://v3.mp.innenu.com/img/FAQ/QRCode6.png","https://v3.mp.innenu.com/img/FAQ/QRCode7.png","https://v3.mp.innenu.com/img/FAQ/QRCode8.png","https://v3.mp.innenu.com/img/FAQ/QRCode9.png","https://v3.mp.innenu.com/img/FAQ/QRCode10.png","https://v3.mp.innenu.com/img/FAQ/QRCode11.png","https://v3.mp.innenu.com/img/FAQ/QRCode12.png","https://v3.mp.innenu.com/img/FAQ/QRCode13.jpg","https://v3.mp.innenu.com/img/FAQ/QRCode14.jpg","https://v3.mp.innenu.com/img/FAQ/QRCode15.png","https://v3.mp.innenu.com/img/FAQ/QRCode16.jpg","https://v3.mp.innenu.com/img/FAQ/QRCode17.jpg","https://v3.mp.innenu.com/img/FAQ/QRCode18.jpg"],"id":"about/QQGroup","scopeData":{"@type":"general","uniq_id":"guide/about/QQGroup","cover":"https://v3.mp.innenu.com/img/FAQ/QRCode.jpg","title":"新生群一览","digest":"2020 年学院新生群等待更新... (这个时候各个学院可能还没建)","thumbs":["https://v3.mp.innenu.com/img/FAQ/QRCode.jpg","https://v3.mp.innenu.com/img/FAQ/QRCode1.png","https://v3.mp.innenu.com/img/FAQ/QRCode2.png","https://v3.mp.innenu.com/img/FAQ/QRCode3.png","https://v3.mp.innenu.com/img/FAQ/QRCode4.png","https://v3.mp.innenu.com/img/FAQ/QRCode5.png","https://v3.mp.innenu.com/img/FAQ/QRCode6.png","https://v3.mp.innenu.com/img/FAQ/QRCode7.png","https://v3.mp.innenu.com/img/FAQ/QRCode8.png","https://v3.mp.innenu.com/img/FAQ/QRCode9.png"],"tags":["东北师范大学 2020 官方新生群","各学院官方迎新群"]}}