[
  {
    "tag": "head",
    "title": "具体细则",
    "shareable": true,
    "contact": true
  },
  {
    "tag": "title",
    "text": "价格"
  },
  {
    "tag": "p",
    "text": "￥48.88"
  },
  {
    "tag": "title",
    "text": "重装细则"
  },
  {
    "tag": "p",
    "text": "    Mr.Hope使用最新官方版Windows7系统安装光盘进行安装，但是您仍需自行安装近年来发布的所有补丁与功能性更新，望周知。Mr.Hope及其不建议您安装Windows7。"
  },
  {
    "tag": "title",
    "text": "顾客须知"
  },
  {
    "tag": "p",
    "text": " 1. Windows 7 在重新安装后，将失去激活状态。如果系统能开机，Mr.Hope可以尝试提取激活密钥重新激活（不保证成功）。如果系统无法开机，请提供位于您电脑附件中的密钥卡。无法提供有效密钥会丢失您的正版系统激活信息，望周知。"
  },
  {
    "tag": "p",
    "text": " 2. 由于六代CPU以上，Intel官方只提供Win10系统的驱动。如果在这些机型上安装Win7、WIn8，只能使用民间大神自己开发的驱动，很不稳定。故本店不支持六代以上CPPU安装Win7或Win8系统。如有需要建议使用VMWare虚拟机软件，通过虚拟机运行。您也可以自行解决。"
  },
  {
    "tag": "foot",
    "author": "Mr.Hope",
    "time": "2019/8/29"
  }
]
