[
  {
    "tag": "head",
    "title": "店铺情况介绍",
    "shareable": true,
    "contact": true
  },
  {
    "tag": "title",
    "text": "店铺简介"
  },
  {
    "tag": "p",
    "text": "    本店铺的前身是Mr.Hope爱心电脑维修服务。该项目作为纯粹的公益项目，此项目意在免费解决同学们在日常使用电脑过程中遇到的各种问题与故障。项目主要囊括了软件破解安装、电脑故障修复，系统重装、系统维护与软件升级等。本公益项目自2016年9月开启以来历经14个月从未收取过一分钱的费用，Mr.Hope累计义务服务时长已达数百个小时。"
  },
  {
    "tag": "title",
    "text": "为什么转为了店铺"
  },
  {
    "tag": "p",
    "text": "   很遗憾，当今的社会现状下，公益项目很难持续下去，更何况是Mr.Hope一人的公益项目。\n   目前在社会中大多数人拿了好处常常拍拍屁股就走。而且还有人会因为你给了别人好处却因为时间关系没给他好处说三到死。Mr.Hope在此公益项目投入大量的时间与精力，但是少有人感激。现在Mr.Hope甚至成为了义务性的电脑维修客服。公益项目实在难以继续进行下去。"
  },
  {
    "tag": "title",
    "text": "店铺性质"
  },
  {
    "tag": "p",
    "text": "   半公益累非盈利性经营。\n   本店铺不采取盈利性经营的方式，收费标准严格符合依据维持店铺日常运转的资金数量制定，刨去运营成本以外，剩下的薄利全部以Mr.Hope个人名义捐赠给中国红十字会或希望工程。"
  },
  {
    "tag": "title",
    "text": "收费标准"
  },
  {
    "tag": "p",
    "text": "   因为本店的各种服务项目在执行过程中占用了Mr.Hope的日常时间，故按照每小时50元左右的费率按用时收取，作为Mr.Hope的辛苦费。\n   此外，由于在国外论坛上学习、收集相关技术与工具，以及制作各种维修工具、对软件安装包进行封装等同样需要占用Mr.Hope时间，所以针对一些项目额外收取一定量“资源费”。"
  },
  {
    "tag": "title",
    "text": "收费标准"
  },
  {
    "tag": "p",
    "text": "   本店所有项目收费均不高于北苑地下一半，九成项目价格仅为其他所谓“电脑专修点”价格的1/5到1/3。 店主没指望赚钱，只是本着服务同学的精神的同时，收取少量费用作为费时费力的补偿。\n   举个例子，北苑地下重装系统对小白要价50元、80元，见你半入行也至少收取30元，而且并不提供系统激活，安装后只能正常使用180天。本店安装正版Win10(提供正版激活码)最低只需18元(激活码成本13元店主收5块钱辛苦费)。北苑那种180天的批量激活店主这里只要￥5。"
  },
  {
    "tag": "title",
    "text": "我想帮助本店"
  },
  {
    "tag": "p",
    "text": "   感谢您，因为Mr.Hope这里的收费标准真的很低，只收取耽误自身时间的补偿的少数金额。如果您欣赏Mr.Hope，您可以点击小程序中的捐赠Mr.Hope进行支持，请务必在备注中注明店铺捐赠。与正常收费产生的利润会捐赠给公益项目、小程序的捐赠会用于服务器的消费不同，Mr.Hope会将您捐赠的资金视为对自己的鼓励留作己用。再次感谢您的支持。"
  },
  {
    "tag": "foot",
    "author": "Mr.Hope",
    "time": "2019/8/29"
  }
]
