[
  {
    "tag": "head",
    "title": "具体细则",
    "shareable": true,
    "contact": true
  },
  {
    "tag": "title",
    "text": "价格"
  },
  {
    "tag": "p",
    "text": "￥20"
  },
  {
    "tag": "title",
    "text": "重装细则"
  },
  {
    "tag": "p",
    "text": " 1. 本店安装Win10后，负责重新激活你的Windows。如果您需要，Mr.Hope可以协助您将Windows的激活信息绑定到您的微软账户上。\n 2. 重装系统时，C盘全部数据将被清空，有用数据请提前做好备份。本店强烈建议自行备份。如果系统无法开机，再求助Mr.Hope帮忙备份(毕竟不是免费的)。如未做特殊说明，Mr.Hope默认只保留“桌面”、“文档”、“下载”、“图片”四个文件夹下面的文件。"
  },
  {
    "tag": "title",
    "text": "顾客须知"
  },
  {
    "tag": "p",
    "text": " 除非您有特殊需求，比如一些老旧软件在新版本Windows运行时出现问题，否则Mr.Hope不建议您安装旧版Windows10"
  },
  {
    "tag": "foot",
    "author": "Mr.Hope",
    "time": "2019/8/29"
  }
]
