{"title":"快递","content":[{"tag":"text","type":"p","text":["若同学们想要寄东西，地址就填学校的地址，然后填写方便取的快递，例如我在本部，我的宿舍离菜鸟驿站很近，菜鸟驿站那可以取圆通的快递，那就可以寄圆通快递。"],"style":"text-indent: 1.5em; "},{"tag":"title","text":"邮寄地址"},{"tag":"text","heading":"本部","text":["吉林省长春市南岭街道人民大街 5268 号"]},{"tag":"text","heading":"净月","text":["吉林省长春市净月大街 2555 号"]},{"tag":"title","text":"邮编"},{"tag":"text","heading":"本部","text":["130022"]},{"tag":"text","heading":"净月","text":["130117"]},{"tag":"title","text":"快递详情"},{"tag":"list","header":false,"content":[{"text":"本部","path":"life/express/benbu"},{"text":"净月","path":"life/express/jingyue"}]},{"tag":"footer","author":"Mr.Hope","time":"2019年8月10日"}],"shareable":true,"images":[],"id":"life/express/index","scopeData":{"@type":"general","uniq_id":"guide/life/express/index","title":"快递","digest":"若同学们想要寄东西，地址就填学校的地址，然后填写方便取的快递，例如我在本部，我的宿舍离菜鸟驿站很近，菜鸟驿站那可以取圆通的快递，那就可以寄圆通快递。本部 吉林省长春市南岭街道人民大街 5268 号净月 吉林省长春市净月大街 2555 号本部","thumbs":["https://v3.mp.innenu.com/img/inNENU.jpg"],"tags":["邮寄地址","邮编","快递详情"]}}