{"title":"生活","shareable":true,"grey":true,"contact":true,"content":[{"tag":"list","content":[{"text":"洗浴","icon":"/module/icon/shower.svg","path":"bath"},{"text":"理发","icon":"/module/icon/haircut.svg","path":"haircut"},{"text":"照相","icon":"/module/icon/takePhoto.svg","path":"photo"},{"text":"打印","icon":"/module/icon/copy.svg","path":"print"},{"text":"超市","icon":"/module/icon/shop.svg","path":"shop"},{"text":"快递","icon":"/module/icon/express.svg","path":"express/index"},{"text":"地铁卡公交卡","icon":"/icon/tabPage/card.svg","path":"card"},{"text":"ATM","icon":"/module/icon/atm.svg","path":"atm"},{"text":"就医","icon":"/icon/heart.svg","path":"hostpital"},{"text":"校园周边","icon":"/icon/tabPage/nearby.svg","path":"nearby"}]},{"tag":"footer","author":"Mr.Hope","time":"2019/8/1"}],"images":[]}