{"title":"图书馆","shareable":true,"grey":true,"contact":true,"content":[{"tag":"list","heading":"图书馆","content":[{"text":"馆藏分布","icon":"/module/icon/bookCollection.svg","path":"library/distribution"},{"text":"图书馆楼层平面图","icon":"/icon/tabPage/map.svg","path":"library/floor"},{"text":"书目检索","icon":"/module/icon/lost.svg","path":"library/search"},{"text":"借书权限","icon":"/module/icon/checkOut.svg","path":"library/borrow"},{"text":"图书馆开门时间","icon":"/module/icon/libraryTime.svg","path":"library/door"},{"text":"图书馆风貌","icon":"/module/icon/library.svg","path":"library/scene"},{"text":"其他服务","icon":"/module/icon/service.svg","path":"library/service"},{"text":"借阅流程","icon":"/module/icon/attentionItem.svg","path":"library/borrow-flow"},{"text":"图书馆简介","icon":"/module/icon/attentionItem.svg","path":"library/intro"},{"text":"电子阅览室","icon":"/module/icon/computer.svg","path":"library/digit-room"}]},{"tag":"footer","author":"Mr.Hope","time":"2019/8/10"}],"images":[],"id":"library/index"}