{"title":"学校机构说明","shareable":true,"grey":true,"contact":true,"content":[{"tag":"list","content":[{"text":"党委学生工作部","path":"student"},{"text":"学生心理健康教育中心","path":"psychology"},{"text":"学校办公室","path":"office"},{"text":"校团委","path":"youthLeague"},{"text":"后勤管理处","path":"logistics"},{"text":"校医院","path":"hospital/index"},{"text":"保卫科","path":"defend"}]},{"tag":"footer","author":"Mr.Hope","time":"2019/8/15"}],"images":[]}