{"title":"交流表达与信息素养","content":[{"tag":"title","text":"学分"},{"tag":"text","type":"ul","heading":"14-16学分","text":["大学外语课程要求修满 10 学分，其中必修课程 8 学分，选修课程 2 学分。","信息技术课程旨要求修满 4 学分，其中必修课程 2 学分，选修课程 2 学分。","中文写作课程是否设定为必修课程，由各专业自行确定；或由学生自主选择，选修且考核合格记 2 学分。"]},{"tag":"title","text":"课程介绍"},{"tag":"text","type":"ol","heading":null,"text":["大学外语与中文写作课程的目的在于帮助学生形成和发展利用语言(本国语和外语)表达与交流思想的能力，具备基本的跨文化交流能力。\n针对大学英语教学，学校将根据新生入校后的英语分级考试的成绩和学生的选择，实行分级教学。学生有雅思、托福、大学英语四级、六级考试以及学校大学英语水平测试成绩且成绩达到相应标准，可以申请免修部分或全部大学英语必修课程。","信息技术课程旨在培养学生收集、处理与分析信息的基本素养。\n通过学校计算机水平考试或国家计算机等级考试(一级)的学生，可免修必修课程；通过国家计算机等级考试(二级及以上)的学生，可免修选修课程。","中文写作课程旨在提供学生中文写作能力。"]},{"tag":"title","text":"课程与对应的教材、学期与学分"},{"tag":"text","type":"ul","text":["信息技术1: 电脑基础使用与基础软件使用 大一上 1学分","信息技术2: Access数据库/网页开发/C语言 大一下 1学分","英语1: 学校统一选课分班 大一上 4学分","英语2: 学校统一选课分班 大一下 4学分","英语选修: 自选 推荐大二上(如果英语必修免修则大一也可) 2学分"]},{"tag":"title","text":"更多详情"},{"tag":"list","header":" ","content":[{"text":"英语课程介绍","path":"study/english"}]},{"tag":"footer","author":"Mr.Hope","time":"2020年7月18日"}],"shareable":true,"contact":true,"images":[],"id":"course/general/communicate"}