{"title":"通识选修课程","shareable":true,"contact":true,"content":[{"tag":"title","text":"学分"},{"tag":"text","text":["10 学分","要求学生在每一类课程中至少选择 2 学分课程","文科学生至少在自然科学类课程中修满 4 学分","理科学生至少在人文与艺术和社会与行为科学类课程中修满 4 学分","不同专业对学分类别可能有不同的其他要求，具体请见课程计划"]},{"tag":"title","text":"课程介绍"},{"tag":"text","type":"p","heading":null,"text":["通识选修课程的目的在于拓宽学生的学术视野，养成学生多角度思考问题的意识和能力。学校将组织相关部门和学院(部)建设创新创业教育课程，并纳入社会与行为科学类通识教育选修课程，供全校学生选择。"],"style":"text-indent: 1.5em; "},{"tag":"title","text":"来自 Mr.Hope 的解释"},{"tag":"text","type":"p","text":["对于文科学院来说，不同学院有不同的要求与推荐课程，具体详情请见课程计划。","对于理科学院来说，高等数学A1、高等数学A2 主要面对数学要求较高的物理学专业，其他专业如化学、生物、心理、环境一般会要求修读高等数学B。"],"style":"text-indent: 1.5em; "}],"images":[],"id":"course/general/elective"}