{"title":"体育与国防教育","content":[{"tag":"title","text":"学分"},{"tag":"text","type":"ul","heading":"6 学分","text":["体育课程共设 4 学分，其中必修课程 2 学分，选修课程 2 学分。","国防教育课程共设 2 学分，包括军训和军事理论教育两个部分，各 1 学分。"]},{"tag":"title","text":"课程介绍"},{"tag":"text","type":"p","text":["体育课程旨在培养学生的健康意识，帮助学生掌握锻炼身体和增进健康的手段和方法","国防教育课程旨在培养学生的国防意识。"],"style":"text-indent: 1.5em; "},{"tag":"title","text":"课程与对应的教材、学期与学分"},{"tag":"text","type":"ul","text":["体育1: 自选 大一上 1学分","体育2: 自选 大一下 1学分","体育3: 自选 大二上 1学分","体育4: 自选 大二下 1学分","军事训练: 无 大一开学 1学分","军事理论: 无 大一下 1学分"]},{"tag":"footer","author":"Mr.Hope","time":"2020年7月18日"}],"shareable":true,"contact":true,"images":[],"id":"course/general/pe","scopeData":{"@type":"general","uniq_id":"guide/course/general/pe","title":"体育与国防教育","digest":"6 学分 体育课程共设 4 学分，其中必修课程 2 学分，选修课程 2 学分。 国防教育课程共设 2 学分，包括军训和军事理论教育两个部分，各 1 学分。体育课程旨在培养学生的健康意识，帮助学生掌握锻炼身体和增进健康的手段和方法 国防教育课","thumbs":["https://v3.mp.innenu.com/img/inNENU.jpg"],"tags":["学分","课程介绍","课程与对应的教材、学期与学分"]}}