{"title":"思想政治教育","content":[{"tag":"title","text":"学分"},{"tag":"text","text":["文科 14 学分 / 理科 13 学分"]},{"tag":"title","text":"课程介绍"},{"tag":"text","type":"p","text":["思想政治教育课程是对学生进行马克思主义理论教育和公民道德教育的主要途径，是国家规定的必修课程。学生们会在大学的前两年时间里学习四门思想政治教育课程。"],"style":"text-indent: 1.5em; "},{"tag":"title","text":"课程与对应的教材、学期与学分"},{"tag":"text","type":"ul","text":["思想道德修养和法律基础:\n《思想道德修养和法律基础》大一上 3学分","形式与政策Ⅰ或Ⅱ:\n无 大一上 1/2学分","中国近现代史纲要:\n《中国近现代史纲要》大一下 3学分","马克思主义基本原理概论:\n《马克思主义基本原理概论》大二上 3学分","毛泽东思想和中国特色社会主义概论:\n《毛泽东思想和中国特色社会主义概论》大二下 4学分"]},{"tag":"title","text":"课程考试形式"},{"tag":"text","type":"p","text":["从 2019 年开始，国家要求思想政治教育课程使用闭卷的考核方式。"],"style":"text-indent: 1.5em; "},{"tag":"title","text":"来自 Mr.Hope 的解释"},{"tag":"text","type":"p","heading":"学分差异","text":["理科和文科的学分差距是在形式与政策这门课上体现的，理科学院会选择 1 学分的形势与政策Ⅱ，而文科学院会额外选 1 学分的形势与政策Ⅰ。"],"style":"text-indent: 1.5em; "},{"tag":"text","type":"p","heading":"课程差异","text":["除形势与政策与政策文科和理科选课不同外，其他政治课在选课时，虽然没有限制选课的类别，但是选课系统内会明确标出文科班和理科班。文科班和理科班在讲课侧重点上会有一些差异，而且理科班在期末评卷上会有更松的评分标准，建议大家按照自己的学科类别来选对应的班。","说到这里我相信很多文科同学会有选择理科班课程的想法，不过 Mr.Hope 并不建议你这么做，原因有很多。","第一点是：同样的期末答卷，理科班的评分只比文科班高出 3-5 分左右 (来自对某位教授的询问)，而且期末考试也只占总分的一部分，最终这点分并不会产生多大的差距。","第二点是，学校为了避免文科学生混选理科班课程导致理科班无法选课，会将文科课程和理科课程的时间错开，并督促学院尽量在理科班上课的时间安排自己学院的专业课，你很大概率也无法选择理科班的课程。","第三点是文科班的授课内容也更加适合于文科生。第四点是，对于个别认真负责的(你要说脾气古怪也可以)老师，在理科班的课程发现了文科班的学生后他会询问你的缘由，在你没有合理选课理由的情况下会让你退补选时切换到理科的课程，即使你不听，最后期末考试你的卷子也会被单独拎出来送到文科那边阅。同样，理科班选择文科x班标识的政治课程，也会在讲课内容和期末阅卷上感到不适。","所以除非你因为转专业或其他原因实在导致你无法选择对应的课程，再去选另一边。"],"style":"text-indent: 1.5em; "},{"tag":"text","type":"p","heading":"考试内容","text":["闭卷是从 19 年秋季学期开始实施的，也就是说 18 级的大二学年和 19 级往后才会要求闭卷考试，之前都是开卷。由于所用教材以及内容的确有很多，一般考试会以老师课上所讲解的重点作为范围进行出题，而且题目多为主观题，少有需要大量识记的内容。","一些老师会在期末时明确考试范围与考试重点，一些老师则不会，由于大家有不同的选课，所以最好的建议是大家多向身边的选了其他老师课程的同学咨询。如果关系比较好的话，可以以小团体的形式，共享自己从自己任课老师那里得到的信息，之后统一整理成考试范围，这样能够更加准确。同样，有一些老师虽然不会在期末时明确考试范围与考试重点，但他们一般会在日常的讲课中要求你做笔记。对书上的一些内容作出标记，这一部分也可以共享给你的小团体，确定考试范围内要背诵记忆书上的哪些句子。这样一般就会拿到高分。在开学的时候直接找学长学姐讨做好标记的旧书也是一种好方法(别白要请人吃个饭)。"],"style":"text-indent: 1.5em; "},{"tag":"text","type":"p","heading":"平时成绩","text":["思想政治课的平时成绩一般由老师在课上的几次点名以及几次课上作业来确定，所以一定注意不要缺席，由于学校对教师的平时成绩给出作了规定，教师无法都给大家高分，所以如果你出现多次出席的情况，你可能会收获很低的平时成绩。需要注意的是如果课程有早上一二节的课时间段的话，老师在这个时间段的点名的概率不会太高，反而下午的点名概率会更高一些。(如点三次名，大部分老师会选择上午一次下午两次)如果你本身就存在起床困难，常常旷早上的课或是迟到的话，下午的课程，请你务必出席。"],"style":"text-indent: 1.5em; "},{"tag":"footer","author":"Mr.Hope","time":"2020年7月18日"}],"shareable":true,"contact":true,"images":[],"id":"course/general/politics"}