{"title":"一食堂","content":[{"tag":"text","heading":"概况","text":["一食堂装修于 2018 年，共三层楼。"]},{"tag":"title","text":"一楼"},{"tag":"text","heading":"南侧","text":["烤肉木桶饭、吉品川味排骨饭、刀削面、安徽风味鸡蛋灌饼、杭州小笼包、中韩简餐、粗粮细做、麻辣烫。"]},{"tag":"text","heading":"北侧","text":["麻婆面、麦多馅饼、过桥米线、脆皮鸡排饭、好享扒饭、山西饼、营养粥、鸡柳卷饼、东师饺子王、重庆鸡公煲。"]},{"tag":"text","heading":"价位与供应时间：","text":["价格 7-16 元左右。开放时间大致为 7:00-20:00 (每个档口开关时间不定，视具体情况而定)"]},{"tag":"img","src":"https://v3.mp.innenu.com/img/dining/dining40.png"},{"tag":"img","src":"https://v3.mp.innenu.com/img/dining/dining41.jpg"},{"tag":"img","src":"https://v3.mp.innenu.com/img/dining/dining42.jpg"},{"tag":"img","src":"https://v3.mp.innenu.com/img/dining/dining43.jpg","desc":"面包房"},{"tag":"title","text":"二楼"},{"tag":"text","text":["二楼进门前侧有干锅煎肉饭、基本餐和虾滑，右侧进去还有麻辣香锅，再往左转是普通餐。"]},{"tag":"text","type":"ul","heading":"基本餐供应时间","text":["- \"早\" 6:30-8:30\"\n- \"午\" 11:00-12:30\"\n- \"晚\" 16:30-18:00\""]},{"tag":"img","src":"https://v3.mp.innenu.com/img/dining/dining44.png"},{"tag":"title","text":"三楼"},{"tag":"text","text":["三楼共分为两个部分，一个是前面大厅的餐厅，一个是后面的清真餐厅。"]},{"tag":"text","heading":"大厅","type":"p","text":["大厅的早饭和午饭都为自助餐，种类丰富，价格亲民。","供应时间：早6:30-10:00；午11：00-12：30；晚饭可点餐，并承接大小型聚餐和活动。"],"style":"text-indent: 1.5em; "},{"tag":"img","src":"https://v3.mp.innenu.com/img/dining/dining45.png"},{"tag":"img","src":"https://v3.mp.innenu.com/img/dining/dining46.png","desc":"大厅"},{"tag":"text","heading":"清真餐厅","text":["从三楼餐厅侧面进去，也可以从清真餐厅大门上楼。供应时间：7:00-20:00。"]},{"tag":"img","src":"https://v3.mp.innenu.com/img/dining/dining47.png","desc":"清真餐厅"},{"tag":"footer","author":"Mr.Hope","time":"2019年8月10日"}],"shareable":true,"contact":true,"images":["https://v3.mp.innenu.com/img/dining/dining40.png","https://v3.mp.innenu.com/img/dining/dining41.jpg","https://v3.mp.innenu.com/img/dining/dining42.jpg","https://v3.mp.innenu.com/img/dining/dining43.jpg","https://v3.mp.innenu.com/img/dining/dining44.png","https://v3.mp.innenu.com/img/dining/dining45.png","https://v3.mp.innenu.com/img/dining/dining46.png","https://v3.mp.innenu.com/img/dining/dining47.png"],"id":"dining/dining-1","scopeData":{"@type":"general","uniq_id":"guide/dining/dining-1","cover":"https://v3.mp.innenu.com/img/dining/dining40.png","title":"一食堂","digest":"概况 一食堂装修于 2018 年，共三层楼。南侧 烤肉木桶饭、吉品川味排骨饭、刀削面、安徽风味鸡蛋灌饼、杭州小笼包、中韩简餐、粗粮细做、麻辣烫。北侧 麻婆面、麦多馅饼、过桥米线、脆皮鸡排饭、好享扒饭、山西饼、营养粥、鸡柳卷饼、东师饺子王、重","thumbs":["https://v3.mp.innenu.com/img/dining/dining40.png","https://v3.mp.innenu.com/img/dining/dining41.jpg","https://v3.mp.innenu.com/img/dining/dining42.jpg","https://v3.mp.innenu.com/img/dining/dining43.jpg","https://v3.mp.innenu.com/img/dining/dining44.png","https://v3.mp.innenu.com/img/dining/dining45.png","https://v3.mp.innenu.com/img/dining/dining46.png","https://v3.mp.innenu.com/img/dining/dining47.png"],"tags":["一楼","二楼","三楼"]}}