{"title":"防盗防骗攻略","shareable":true,"content":[{"tag":"text","type":"p","text":["刚入学期间萌新门一定要注意防盗防骗！！！今年如果校园封闭管理，你们报到时人员进入审查很严的话，可能会少一些。往年是一定会有很多的外校的大学生混进来装作你所在学院的学长学姐到你的寝室以各种名义实施诈骗。"],"style":"text-indent: 1.5em; "},{"tag":"text","ttpe":"ul","heading":"一些学长学姐们的亲身经历","text":["一位阿姨到寝室说卖英语牛津词典，先交费，后面会送来，结果自然就人间蒸发了。\n类似的还有英语报纸、四六级资料等，任何需要先付款后交货或是长期订阅的都不可信。\n请注意，没有任何一个学院会有任何的订阅项目。如果的确有需要收费的，也一定是通过你们的辅导员认识你！！在你报到时候辅导员一定会在报到处！先记住你辅导员的长相，不要后面有人声称是你的辅导员你就信了。\n","新东方兼职骗局: 发生在大一开学没多久，首先利用真学长学姐和新东方兼职的名义走寝，利用从众心理，让每个寝室有意愿参加新东方兼职的同学在本子上签上自己的名字并留下联系方式。走寝的是真东师坑人学长学姐，并且看到本子上有许多同学的名字，比如班长、年级长，好多人会盲从签字。 然后过一段时间，通知有讲座培训，真东师坑人学姐宣讲大学经验心路历程，凸显卖报纸和英语材料，兼职赚钱容易，表示最低工资收入五千等等…… 吸引加入大一暑期培训和卖英语材料……实际根本不是新东方兼职，卖的很多都不是新东方的材料，卖东西以骗为主，去其他学校要求伪装成该校学长学姐，有良心的学长学姐也不会愿意坑骗自己本校学弟学妹。大部分连培训费的四分之一都拿不回来。(所以真学长学姐推销四六级资料的，有我们学校一卡通的最好慎之又慎，要过四六级自己去当当买套真题刷了就二三十块钱最靠谱。)"]},{"tag":"img","src":"https://v3.mp.innenu.com/img/check/check16.jfif"},{"tag":"text","type":"p","text":["如果您上当受骗，请及时给你的辅导员打电话说明情况，并致电学校保卫科保安。您也可以将您经历的新型骗局通过右下角联系 Mr.Hope 发给我，我会增添到小程序里用作警示以防他人受骗。"],"style":"text-indent: 1.5em; "},{"tag":"list","header":false,"content":[{"text":"保卫科","icon":"/module/icon/shield.svg","path":"apartment/defend/index"},{"text":"辅导员联系方式","icon":"/module/icon/phone.svg","path":"FAQ/counselor/index"}]},{"tag":"footer","author":"Mr.Hope","time":"2020年7月25日"}],"images":["https://v3.mp.innenu.com/img/check/check16.jfif"],"id":"check/guard","scopeData":{"@type":"general","uniq_id":"guide/check/guard","cover":"https://v3.mp.innenu.com/img/check/check16.jfif","title":"防盗防骗攻略","digest":"刚入学期间萌新门一定要注意防盗防骗！！！今年如果校园封闭管理，你们报到时人员进入审查很严的话，可能会少一些。往年是一定会有很多的外校的大学生混进来装作你所在学院的学长学姐到你的寝室以各种名义实施诈骗。一些学长学姐们的亲身经历 一位阿姨到寝室","thumbs":["https://v3.mp.innenu.com/img/check/check16.jfif"],"tags":[]}}