{"title":"报到","shareable":true,"grey":true,"contact":true,"content":[{"tag":"list","header":"到校路线","content":[{"text":"认准校区和校门","icon":"/module/icon/gate.svg","path":"check/locate"},{"text":"坐火车到校","icon":"/module/icon/train.svg","path":"check/arrival/train"},{"text":"坐飞机到校","icon":"/module/icon/plane.svg","path":"check/arrival/plane"},{"text":"关于打车","icon":"/module/icon/taxi.svg","path":"check/arrival/taxi"},{"text":"关于接站","icon":"/module/icon/pickup.svg","path":"check/arrival/pickup"}]},{"tag":"list","header":"需带物品","content":[{"text":"需带物品","icon":"/module/icon/goods.svg","path":"check/necessity"}]},{"tag":"list","header":"报到流程","content":[{"text":"报到时间地点","icon":"/module/icon/time.svg","path":"check/location-and-time"},{"text":"报到流程","icon":"/module/icon/flow.svg","path":"check/flow"},{"text":"缴费相关","icon":"/module/icon/pay.svg","path":"check/pay"},{"text":"绿色通道","icon":"/module/icon/greenTunnel.svg","path":"check/green-channel"},{"text":"使用校园卡","icon":"/icon/tabPage/card.svg","path":"card/prepare"},{"text":"防盗防骗攻略","icon":"/module/icon/safe.svg","path":"check/guard"},{"text":"入学体检","icon":"/module/icon/medical-exam.svg","path":"check/medical-examination"},{"text":"户口、团组织关系与其他","icon":"/module/icon/more.svg","path":"check/others"}]},{"tag":"footer","author":"Mr.Hope","time":"2019年8月11日"}],"images":[],"id":"check/index","scopeData":{"@type":"general","uniq_id":"guide/check/index","title":"报到","digest":"","thumbs":[],"tags":[]}}