{"title":"净月校区校门","shareable":true,"content":[{"tag":"title","text":"净月校区图"},{"tag":"img","src":"https://v3.mp.innenu.com/img/check/jingyue.jfif"},{"tag":"text","text":["由于疫情原因，2020 年迎新地点可能会有改动，校门可能也只会开放特定的校门，请大家以实际通知为准，届时小程序会在首页以及对应页面更新。"]},{"tag":"title","text":"净月东门"},{"tag":"img","src":"https://v3.mp.innenu.com/img/check/jingyueEastGate.jfif"},{"tag":"text","type":"p","text":["这个门正对着图书馆，进门后一直往前走，往前走(这条路有点长)，经过大菜花(其实是生命树)后再往前走，走到头就是图书馆前的空地了，迎新摆台就在那里。"],"style":"text-indent: 1.5em; "},{"tag":"title","text":"净月北门(雕塑门)"},{"tag":"img","src":"https://v3.mp.innenu.com/img/check/jingyueNorthGate.jfif"},{"tag":"text","type":"p","text":["从这个门进去之后直走，看到右手边有一些雕塑(或者图书馆)后右拐，一直走到图书馆前的空地，那里就是迎新摆台的地方。"],"style":"text-indent: 1.5em; "},{"tag":"footer","author":"Mr.Hope","time":"2019年8月2日"}],"images":["https://v3.mp.innenu.com/img/check/jingyue.jfif","https://v3.mp.innenu.com/img/check/jingyueEastGate.jfif","https://v3.mp.innenu.com/img/check/jingyueNorthGate.jfif"],"id":"check/jingyue","scopeData":{"@type":"general","uniq_id":"guide/check/jingyue","cover":"https://v3.mp.innenu.com/img/check/jingyue.jfif","title":"净月校区校门","digest":"由于疫情原因，2020 年迎新地点可能会有改动，校门可能也只会开放特定的校门，请大家以实际通知为准，届时小程序会在首页以及对应页面更新。这个门正对着图书馆，进门后一直往前走，往前走(这条路有点长)，经过大菜花(其实是生命树)后再往前走，走到","thumbs":["https://v3.mp.innenu.com/img/check/jingyue.jfif","https://v3.mp.innenu.com/img/check/jingyueEastGate.jfif","https://v3.mp.innenu.com/img/check/jingyueNorthGate.jfif"],"tags":["净月校区图","净月东门","净月北门(雕塑门)"]}}