{"title":"净月校区校门","shareable":true,"contact":true,"content":[{"tag":"title","text":"净月校区图"},{"tag":"img","src":"https://v3.mp.innenu.com/img/check/jingyue.jfif"},{"tag":"title","text":"净月东门"},{"tag":"img","src":"https://v3.mp.innenu.com/img/check/jingyueEastGate.jfif"},{"tag":"text","text":["   这个门正对着图书馆，进门后一直往前走，往前走(这条路有点长)，经过大菜花(其实是生命树)后再往前走，走到头就是图书馆前的空地了，迎新摆台就在那里。"]},{"tag":"title","text":"净月北门(雕塑门)"},{"tag":"img","src":"https://v3.mp.innenu.com/img/check/jingyueNorthGate.jfif"},{"tag":"text","text":["   从这个门进去之后直走，看到右手边有一些雕塑(或者图书馆)后右拐，一直走到图书馆前的空地，那里就是迎新摆台的地方。"]},{"tag":"footer","author":"Mr.Hope","time":"2019年8月2日"}],"images":["https://v3.mp.innenu.com/img/check/jingyue.jfif","https://v3.mp.innenu.com/img/check/jingyueEastGate.jfif","https://v3.mp.innenu.com/img/check/jingyueNorthGate.jfif"],"id":"check/jingyue","scopeData":{"@type":"general","uniq_id":"guide/check/jingyue","cover":"https://v3.mp.innenu.com/img/check/jingyue.jfif","title":"净月校区校门","digest":"   这个门正对着图书馆，进门后一直往前走，往前走(这条路有点长)，经过大菜花(其实是生命树)后再往前走，走到头就是图书馆前的空地了，迎新摆台就在那里。   从这个门进去之后直走，看到右手边有一些雕塑(或者图书馆)后右拐，一直走到图书馆前的","thumbs":["https://v3.mp.innenu.com/img/check/jingyue.jfif","https://v3.mp.innenu.com/img/check/jingyueEastGate.jfif","https://v3.mp.innenu.com/img/check/jingyueNorthGate.jfif"],"tags":["净月校区图","净月东门","净月北门(雕塑门)"]}}