{"title":"入学体检","shareable":true,"content":[{"tag":"title","text":"体检费用"},{"tag":"text","text":["体检费为 55 元/人"]},{"tag":"text","text":["我不太清楚因为疫情原因今年会不会加项目有变动或者是涨价，如果价格不对希望能告诉我一声我更正一下。"],"style":"font-size: 14px;color: #888;"},{"tag":"title","text":"体检注意事项"},{"tag":"text","type":"ol","text":["自己找时间去体检。准时参加。每个学生体检时带通知单中性笔，填好姓名学院及专业。","买体检表时先出示一卡通。","没有参加上新生体检的同学校医院将统一安排时间补检。","民族教育学院新生因报到时间晚，将随新生补检时一起进行，时间另行通知。","请注意空腹采血。"]},{"tag":"title","text":"体检时间"},{"tag":"text","text":["2020 年时间等待学校通知","2019年8月15日下午(13：30－16：30)，16、17日全天(8：00－16：30)为本科生进行体检。","8月26日下午8月27、28日全天为研究生进行体检，","本部与净月校区同时进行体检，要求空腹采血。"]},{"tag":"footer","author":"Mr.Hope","time":"2019年9月4日"}],"images":[],"id":"check/medical-examination","scopeData":{"@type":"general","uniq_id":"guide/check/medical-examination","title":"入学体检","digest":"体检费为 55 元/人我不太清楚因为疫情原因今年会不会加项目有变动或者是涨价，如果价格不对希望能告诉我一声我更正一下。自己找时间去体检。准时参加。每个学生体检时带通知单中性笔，填好姓名学院及专业。 买体检表时先出示一卡通。 没有参加上新生体","thumbs":["https://v3.mp.innenu.com/img/inNENU.jpg"],"tags":["体检费用","体检注意事项","体检时间"]}}