{"title":"寝室禁用物品","content":[{"tag":"title","text":"用电安全"},{"tag":"text","type":"p","text":["宿舍内严禁使用大功率违章电器。如电熨斗、直板夹、电热宝、电吹风、电炉、电水壶、电热毯、热得快等大功率电器。","另外学校严禁私改电路，因为走廊是 24 小时有电的，往届学生打过这个歪主意。"],"style":"text-indent: 1.5em; "},{"tag":"title","text":"人身安全"},{"tag":"text","text":["吊椅是不允许的(但是你可以自己买个电脑椅或者电竞椅)。打火机、汽油、管制刀具、化工制品也是不被允许的。"]},{"tag":"title","text":"消防安全"},{"tag":"text","text":["(只可以在夜间挂蚊帐)"]},{"tag":"title","text":"学生行为守则"},{"tag":"text","text":["禁止悬挂床帘(寝室关系)、另外在寝室抽烟、饮酒也是不被允许的，所以平时请把它们放在柜子里，寝室也不应该出现他们的“尸首”。(比如在你的垃圾桶里发现了烟盒、烟头和空酒瓶啥的你就完了)。"]},{"tag":"title","text":"寝室卫生"},{"tag":"text","text":["原则上寝室不准养任何宠物，但可以种花种草。实际操作时，寝室禁止养猫、狗、鸟等宠物，一般不会发出声响，体型较小，有固定容器的保卫处和学生处都不太惯，比如小金鱼啥的。Mr.Hope 身边有同学养了仓鼠和乌龟的，查寝的时候也没说什么。不过后面两个可以说是在红线附近，不建议冒险养。万一查你寝的人容忍度比较低你给你个处分啥的你别来找我。我只能说你在桌子上用那种直径十几厘米的球型鱼缸养两条小金鱼这个是绝对安全的。有条件养两盆花草还是可以的。"]},{"tag":"footer","author":"Mr.Hope","time":"2019年4月9日"}],"shareable":true,"images":[],"id":"dorm/ban","scopeData":{"@type":"general","uniq_id":"guide/dorm/ban","title":"寝室禁用物品","digest":"宿舍内严禁使用大功率违章电器。如电熨斗、直板夹、电热宝、电吹风、电炉、电水壶、电热毯、热得快等大功率电器。 另外学校严禁私改电路，因为走廊是 24 小时有电的，往届学生打过这个歪主意。吊椅是不允许的(但是你可以自己买个电脑椅或者电竞椅)。打","thumbs":["https://v3.mp.innenu.com/img/inNENU.jpg"],"tags":["用电安全","人身安全","消防安全","学生行为守则","寝室卫生"]}}