{"title":"室内布局","desc":"最全面的寝室室内描述","content":[{"tag":"title","text":"布局概况"},{"tag":"text","type":"p","heading":"普通寝室","text":["除纽瓦克学院寝室为四人间以外，其他学院寝室均为标准六人间。寝室内每侧三个床位，为上床下桌设计。床铺尺寸：长 1.9m - 2m，宽 0.85m - 0.9m(本部与净月不同寝室之间会有这个范围的差异)。桌边有衣柜，衣柜门上有锁孔，可以自备小锁。每个床位脚边墙壁上均配备一三孔插座与一双孔插座用于供电。"],"style":"text-indent: 1.5em; "},{"tag":"text","type":"p","heading":"体育学院","text":["由于实行半军事化管理，学院在开学统一组织购买床单被罩会，您只需要提前准备 200cm × 150cm 的被芯和 74cm × 48cm 的枕芯。如有需要可以额外准备一个床垫。"],"style":"text-indent: 1.5em; "},{"tag":"title","text":"室内物品"},{"tag":"text","type":"p","text":["寝室方面已经为同学们准备了褥子，就是那种在军营里常见的比较薄的绿褥子。至于被子、床单、枕头等，需要大家自行准备。往年本部(净月不知)宿管阿姨那里会准备一些，可以在那里购买。"],"style":"text-indent: 1.5em; "},{"tag":"img","src":"https://v3.mp.innenu.com/img/dorm/empty.jpg","desc":"寝室未入住实拍图"},{"tag":"img","src":"https://v3.mp.innenu.com/img/dorm/dorm1.jpg"},{"tag":"img","src":"https://v3.mp.innenu.com/img/dorm/dorm2.jpg","desc":"寝室入住后实拍图"},{"tag":"title","text":"晾衣服"},{"tag":"text","type":"p","text":["本部三舍只有阴面寝室拥有阳台(窗朝向公路一侧的寝室)，其他寝室中间的空地上方装有晾衣杆。由于禁止在走廊栏杆上晾衣物，所以同学们只能在寝室内晾衣服；净月公寓大多是有阳台的。由于阳台上装有暖气片，一年四季衣服都能很快晾干。"],"style":"text-indent: 1.5em; "},{"tag":"img","src":"https://v3.mp.innenu.com/img/dorm/dorm3.jpg"},{"tag":"img","src":"https://v3.mp.innenu.com/img/dorm/dorm4.jpg"},{"tag":"title","text":"空调与暖气"},{"tag":"text","type":"p","text":["所有本科生寝室内未安装空调或电风扇。为度过夏天，可以考虑自备小电风扇。冬天供暖期很长而且暖气温度很高。每年会在 10 月中下旬开始供暖，在室内还是挺舒服的，穿春秋天的衣服完全没有问题，所以不用带太厚的被子。当然冬天还盖夏天的被子的话大部分人也是会感到冷的，还是在提醒一下有必要准备两床被，一床很薄的夏天盖肚子、一床中等厚度的暖气前后的那段时间盖。"],"style":"text-indent: 1.5em; "},{"tag":"img","src":"https://v3.mp.innenu.com/img/dorm/dorm5.jpg"},{"tag":"title","text":"网线插口"},{"tag":"text","type":"p","text":["进门左右手边的墙壁上会有一侧安装无线路由器，路由器上提供了四个网线接口以供连接使用，如果四个网线接口无法满足需求可以考虑购买并使用交换机。"],"style":"text-indent: 1.5em; "},{"tag":"img","src":"https://v3.mp.innenu.com/img/network/router.jfif"},{"tag":"title","text":"卫浴"},{"tag":"text","type":"p","text":["所有学生宿舍均没有独立卫浴。(不要激动，不是设有，是没有)。"],"style":"text-indent: 1.5em; "},{"tag":"title","text":"提示"},{"tag":"text","type":"ol","text":["寝室的抽屉和柜门上的锁孔较小，请勿备大锁(年年都有锁买大了锁眼插不进去的，虽然大铁锁看起来很安全，不至于、不至于)。","柜门和抽屉上锁的目的主要是防止外来人员混入寝室实施盗窃，也可以防止保卫处、学生处查寝时打开你的柜子、抽屉违禁物品(如果你不锁的话保卫处会一般拉开看一眼检查一下，一般不会翻)。所以请各位少爷小姐们务必务必务必不要掩耳盗铃，随手就把备用钥匙往你的褥子底下一压或者放在书架上hhh，那你还不如不锁了省得麻烦。","三舍阴面是常年见不到太阳的，不过东北很干燥，也不会出现寝室发潮的情况，而且阴面寝室多了阳台，可以放置杂物、晾衣服，寝室更加宽敞。东西两侧的寝室也会比较宽敞，只有南面的寝室比较狭窄。(Mr.Hope 所在的 06 寝和隔壁的 07 寝是三舍 B 里面积最小的)所以各个寝室还算是均衡。"]},{"tag":"footer","author":"Mr.Hope","time":"2019年8月8日"}],"shareable":true,"images":["https://v3.mp.innenu.com/img/dorm/empty.jpg","https://v3.mp.innenu.com/img/dorm/dorm1.jpg","https://v3.mp.innenu.com/img/dorm/dorm2.jpg","https://v3.mp.innenu.com/img/dorm/dorm3.jpg","https://v3.mp.innenu.com/img/dorm/dorm4.jpg","https://v3.mp.innenu.com/img/dorm/dorm5.jpg","https://v3.mp.innenu.com/img/network/router.jfif"],"id":"dorm/detail","scopeData":{"@type":"general","uniq_id":"guide/dorm/detail","cover":"https://v3.mp.innenu.com/img/dorm/empty.jpg","title":"室内布局","digest":"普通寝室 除纽瓦克学院寝室为四人间以外，其他学院寝室均为标准六人间。寝室内每侧三个床位，为上床下桌设计。床铺尺寸：长 1.9m - 2m，宽 0.85m - 0.9m(本部与净月不同寝室之间会有这个范围的差异)。桌边有衣柜，衣柜门上有锁孔，","thumbs":["https://v3.mp.innenu.com/img/dorm/empty.jpg","https://v3.mp.innenu.com/img/dorm/dorm1.jpg","https://v3.mp.innenu.com/img/dorm/dorm2.jpg","https://v3.mp.innenu.com/img/dorm/dorm3.jpg","https://v3.mp.innenu.com/img/dorm/dorm4.jpg","https://v3.mp.innenu.com/img/dorm/dorm5.jpg","https://v3.mp.innenu.com/img/network/router.jfif"],"tags":["布局概况","室内物品","晾衣服","空调与暖气","网线插口","卫浴","提示"]}}