{"title":"宿舍供电","shareable":true,"contact":true,"content":[{"tag":"title","text":"本部校区供电时间"},{"tag":"text","heading":"平时供电时间","text":["三舍 ABC 区:"," 早: 05:30 — 08:00"," 中: 12:00 — 13:30"," 晚: 15:30 — 23:00","体育公寓:"," 早: 05:30 — 08:00"," 中: 11:00 — 13:30"," 晚: 16:30 — 22:10","周六、周日的供电时间:"]},{"tag":"text","heading":"周末供电时间","text":["本部三舍 ABC 为 5:30—23:00"]},{"tag":"title","text":"净月校区供电时间"},{"tag":"text","heading":"平时供电时间","text":["早: 06:00 — 08:00","中: 12:00 — 13:00","晚: 15:30 — 23:00"]},{"tag":"text","heading":"周末供电时间","text":["6:00 — 23:00"]},{"tag":"title","text":"研究生供电时间"},{"tag":"text","text":["研究生宿舍全天供电。(别气 QAQ)"]},{"tag":"title","text":"限电额度"},{"tag":"text","text":["寝室内单个用电设备不能超过 100W，即不能突然接入功率过大的用电设备。Mr.Hope 实测应该是 110W 以下都不会跳闸，即寝室电流瞬间增长不得超过 0.5A。同时寝室总功率限制为 500W。日常如果发生插座短路等情况会断电，3 分钟之后恢复供电。断电四次以后不能自动恢复。(也就是说如果开启功率超过 100W 的电器，由于电流瞬间增长幅度超过限制值也会造成跳闸。不要用违章电器)"]},{"tag":"title","text":"电费"},{"tag":"text","text":["三舍 A、B、C 统一在二舍计电办缴费，每个月每个宿舍有 30 度免费电量，当剩余电量小于5度时会进行两分钟的暂停供电作为提醒，需尽快交费。每月优先扣除免费用电额度。之后按照长春市用电标准每度电 0.525 元/度扣费，所交费用月底不清零，扣完为止。(其实免费用电量一般情况下是够用的)"]},{"tag":"title","text":"注意事项"},{"tag":"text","text":["计电办 8:00-11:30，13:30-16:00 上班。此外假期计电办不上班，请务必提前预存好足够的电费。","六舍公寓、体育公寓、净月校区不收电费。"]},{"tag":"footer","author":"Mr.Hope","time":"2019年7月22日"}],"images":[],"id":"dorm/electricity","scopeData":{"@type":"general","uniq_id":"guide/dorm/electricity","title":"宿舍供电","digest":"平时供电时间 三舍 ABC 区:  早: 05:30 — 08:00  中: 12:00 — 13:30  晚: 15:30 — 23:00 体育公寓:  早: 05:30 — 08:00  中: 11:00 — 13:30  晚: 16:","thumbs":[],"tags":["本部校区供电时间","净月校区供电时间","研究生供电时间","限电额度","电费","注意事项"]}}