{"title":"寝室","grey":true,"content":[{"tag":"list","header":"寝室分布","content":[{"text":"本部校区","path":"dorm/benbu"},{"text":"净月校区","path":"dorm/jingyue"}]},{"tag":"list","header":"寝室环境","content":[{"text":"室内布局","path":"dorm/detail"},{"text":"公共区域","path":"dorm/public"}]},{"tag":"list","header":"其他相关","content":[{"text":"寝室门禁","icon":"/module/icon/door-guard.svg","path":"dorm/door"},{"text":"寝室供网","icon":"/module/icon/network.svg","path":"dorm/network"},{"text":"走读与调宿","icon":"/icon/tabPage/about.svg","path":"dorm/day-reading"}]},{"tag":"list","header":"寝室供电","content":[{"text":"供电时间","icon":"/module/icon/time.svg","path":"dorm/electricity/time"},{"text":"功率限制","icon":"/module/icon/power.svg","path":"dorm/electricity/power"},{"text":"缴纳电费","icon":"/module/icon/pay.svg","path":"dorm/electricity/pay"}]},{"tag":"text","type":"p","heading":"禁用物品","text":["宿舍内严禁使用违章电器，如电熨斗、直板夹、电热宝、电吹风、电炉、电水壶、电热毯、热得快等大功率电器。床帘和吊椅也是不允许的。(只可以在夜间挂蚊帐)"],"style":"text-indent: 1.5em; "},{"tag":"text","type":"p","heading":" ","text":["元旦的时候男女生可以互串寝室！同时也请大家文明串寝。","另外关于寝室的一些解释大部分都是根据本部本科生寝室情况进行叙述的。净月那边不仅没住过更没参观过寝室，也没办法说太多，酌情参考即可。"],"style":"text-indent: 1.5em; "},{"tag":"footer","author":"Mr.Hope","time":"2019年8月1日"}],"shareable":true,"contact":true,"images":[],"id":"dorm/index","scopeData":{"@type":"general","uniq_id":"guide/dorm/index","title":"寝室","digest":"禁用物品 宿舍内严禁使用违章电器，如电熨斗、直板夹、电热宝、电吹风、电炉、电水壶、电热毯、热得快等大功率电器。床帘和吊椅也是不允许的。(只可以在夜间挂蚊帐)  元旦的时候男女生可以互串寝室！同时也请大家文明串寝。 另外关于寝室的一些解释大部","thumbs":["https://v3.mp.innenu.com/img/inNENU.jpg"],"tags":[]}}