{"title":"寝室","grey":true,"content":[{"tag":"list","header":"寝室分布","content":[{"text":"本部校区","path":"dorm/benbu"},{"text":"净月校区","path":"dorm/jingyue"}]},{"tag":"list","header":"寝室环境","content":[{"text":"室内布局","path":"dorm/detail"},{"text":"公共区域","path":"dorm/public"}]},{"tag":"list","header":"寝室供电","content":[{"text":"供电时间","icon":"/module/icon/time.svg","path":"dorm/electricity/time"},{"text":"功率限制","icon":"/module/icon/power.svg","path":"dorm/electricity/power"},{"text":"缴纳电费","icon":"/module/icon/pay.svg","path":"dorm/electricity/pay"}]},{"tag":"list","header":"寝室供网","content":[{"text":"寝室供网","icon":"/icon/tabPage/network.svg","path":"dorm/network"}]},{"tag":"list","header":"规章制度","content":[{"text":"寝室门禁","icon":"/module/icon/door-guard.svg","path":"dorm/door"},{"text":"走读与调宿","icon":"/icon/tabPage/about.svg","path":"dorm/day-reading"},{"text":"违禁物品","icon":"/icon/tabPage/about.svg","path":"dorm/ban"}]},{"tag":"text","type":"p","heading":" ","text":["元旦的时候男女生可以互串寝室！同时也请大家文明串寝。","另外关于寝室的一些解释大部分都是根据本部本科生寝室情况进行叙述的。净月那边不仅没住过更没参观过寝室，也没办法说太多，酌情参考即可。"],"style":"text-indent: 1.5em; "},{"tag":"footer","author":"Mr.Hope","time":"2019年8月1日"}],"shareable":true,"contact":true,"images":[],"id":"dorm/index","scopeData":{"@type":"general","uniq_id":"guide/dorm/index","title":"寝室","digest":"  元旦的时候男女生可以互串寝室！同时也请大家文明串寝。 另外关于寝室的一些解释大部分都是根据本部本科生寝室情况进行叙述的。净月那边不仅没住过更没参观过寝室，也没办法说太多，酌情参考即可。","thumbs":["https://v3.mp.innenu.com/img/inNENU.jpg"],"tags":[]}}