{"title":"公共设施","content":[{"tag":"title","text":"洗漱间"},{"tag":"text","type":"p","text":["洗漱间全天供应冷水。生活热水每日使用量固定为 18 升(部分新生需要先在生活用水补助机上刷卡进行激活，激活之后应该立即可用)，超过 18 升按照 ￥0.2/升 扣除，可以自行到生活用水补助机处充值。寝室楼下就设有生活用水补助机。"],"style":"text-indent: 1.5em; "},{"tag":"text","heading":"热水供应时间","text":["本部校区:","5:00 - 8:00，21:00 - 23:00","净月校区:","6:00 - 8:00，19:00 - 22:00 (天华公寓全天供应)"]},{"tag":"list","content":[{"text":"如何激活生活用水","icon":"/icon/tabPage/card.svg","path":"card/prepare"}]},{"tag":"img","src":"https://v3.mp.innenu.com/img/dorm/dorm6.jpg","desc":"图为本部三舍 AB 洗漱区"},{"tag":"img","src":"https://v3.mp.innenu.com/img/dorm/dorm7.jpg","desc":"图为本部三舍 C 洗漱区"},{"tag":"img","src":"https://v3.mp.innenu.com/img/dorm/dorm8.jpg","desc":"图为净月公寓洗漱区"},{"tag":"title","text":"卫生间"},{"tag":"text","type":"p","text":["卫生间处在公共区域，有阿姨定期打扫卫生，很整洁。每个卫生间有七八个位置。"],"style":"text-indent: 1.5em; "},{"tag":"img","src":"https://v3.mp.innenu.com/img/dorm/toilet.jpg"},{"tag":"img","src":"https://v3.mp.innenu.com/img/dorm/toilet2.jpg"},{"tag":"title","text":"其他设施"},{"tag":"text","type":"p","heading":"吹风机","text":["女生寝室楼每层楼都有一个或两个吹风机，插一卡通就可以使用。"],"style":"text-indent: 1.5em; "},{"tag":"img","src":"https://v3.mp.innenu.com/img/dorm/dorm9.jpg"},{"tag":"text","type":"p","heading":"洗衣机","text":["洗衣机是单筒洗衣机，可洗可甩干。大部分寝室楼的每个楼层有两个洗衣机(三舍 B 一台)。洗衣机为刷卡使用。根据所需洗涤方式刷卡，刷卡完毕后将洗衣机盖关闭即可洗衣, 洗衣用的洗衣液或洗衣粉需自己准备，在洗衣前加入洗衣机内。"],"style":"text-indent: 1.5em; "},{"tag":"list","content":[{"text":"洗衣机详细使用说明","icon":"/module/icon/washer.svg","path":"dorm/washer"}]},{"tag":"img","src":"https://v3.mp.innenu.com/img/dorm/dorm10.jpg"},{"tag":"text","type":"p","heading":"直饮水机","text":["刷卡分别可以接 冷 / 常温 / 热 的饮用水，学校每天免费供应 90 秒使用时长(约 2 - 4 升，视直饮机水压)，全天供应。超出部分收取制水成本费用，热水 0.3 元/升，常温水 0.2 元/升。直饮水服务所需的额外费用，是使用校园卡直饮水小钱包内的余额，师生可以在自助终端机上进行一卡通的直饮水小钱包充值。"],"style":"text-indent: 1.5em; "},{"tag":"img","src":"https://v3.mp.innenu.com/img/dorm/dorm11.jpg"},{"tag":"img","src":"https://v3.mp.innenu.com/img/dorm/dorm12.jpg"},{"tag":"title","text":"自习室"},{"tag":"text","type":"p","text":["寝室楼内每层均设有自习室。自习室不间断供电。另外请不要将个人物品堆放到自习室内，宿舍保洁阿姨会定期清理，如果清理时没人认领，自动当作废弃物处理。"],"style":"text-indent: 1.5em; "},{"tag":"img","src":"https://v3.mp.innenu.com/img/dorm/dorm13.jpg","desc":"三舍A自习室"},{"tag":"img","src":"https://v3.mp.innenu.com/img/dorm/dorm14.jpg","desc":"三舍B自习室"},{"tag":"img","src":"https://v3.mp.innenu.com/img/dorm/dorm15.jpg","desc":"三舍C自习室"},{"tag":"img","src":"https://v3.mp.innenu.com/img/dorm/dorm16.jpg","desc":"天华公寓自习室"},{"tag":"title","text":"电梯"},{"tag":"text","type":"p","text":["三舍作为高层建筑，A 座、C 座拥有四台电梯，B 拥有三台电梯，客梯不停低楼层，入住时可以使用货梯。请注意客梯是分为单层客梯和双层客梯的，楼下一楼电梯入口处有明确的指示牌。净月寝室没有电梯。(搬行李的时候送你一句: 加油！奥里给！)"],"style":"text-indent: 1.5em; "},{"tag":"img","src":"https://v3.mp.innenu.com/img/dorm/dorm17.jpg","desc":"三舍电梯"},{"tag":"title","text":"Mr.Hope 的解释"},{"tag":"text","type":"p","text":["公共卫生间意味着坑位有限，本部男寝这边(女寝我显然并不知道，您问我也没用，我真不知)碰上这一层楼大部分都有早课的情况下，你在 7:20 - 7:40 这个时间段内是很容易发现所有的门里面都有人蹲着的。(净月可能不会这样，因为不像本部 B 座都住满了一层 144 个人但只有 8 个坑位)","同样，公共洗漱间也意味着水龙头有限，以 Mr.Hope 的个人经验，大部分爱玩的男生们显然会玩电脑玩手机到熄灯前十分钟，也就是 22:50，才会拿起盆、毛巾、洗面奶去洗漱。Mr.Hope 所在的 B 座 9 层有 11 个水龙头，只有8个能出热水，所以那个时间段肯定会人数爆满。早上起来的时间段也是，如果你不早起，你可能就要面临着不洗头直接上课和排队洗头迟到二选一。三舍女寝这边虽然我看不到，显然各位小姐们不会像大老爷们这样三分钟就把脸和脚洗完了，估计得从 22:30 人就不会少。","女寝三舍 A 座卫生间里用黑色塑料袋套着的是小便器(男人用的)。不用好奇，本来建的时候 A、B 都是有预备留给男生的。但是东北皇家女子大学的称号不是白叫的。","对于自习室来说，自习室整夜都有电照明，晚上学习不想让灯光打扰到已经休息的室友的话，最好带着东西去自习室学。","在女寝这边，由于女生东西比较多，可能会有个别女生把东西都堆在自习室，凭借阿姨不好意思真的都给扔了霸占自习室很多座位。这种浪费公共资源的行为，如果大家遇到了，可以积极给学生处打电话反映情况。","和男寝少爷们低楼层下楼(在少爷眼中 9 楼也不高 hhh)自发走楼梯不同，女寝的不少小姐门五楼都懒得自己走到下去。而早上和下午上课前等待电梯的人会有很多，电梯常常会到 9、10 楼就会满载。Mr.Hope 真诚的建议大家低楼层(7 楼及以下)的溜达下去，而不是在那按一个上，电梯上行的时候停到五楼你就上去了，然后让高楼层的同学不得不等很久甚至在老爷们的课上迟到才能坐到电梯。做人要讲讲良心啊，无论何时总会有人没良心，希望大家不要因为其他人没良心自己也就不要良心了。(对，我就是在明讽在那些五楼都懒得自己下楼早早跑到电梯里上去游一圈让高楼层的干瞪眼的同学们，你没长良心，话就撂这了)同时，也提醒一下高楼层的大家，早上尽量早点起早点走，中午也稍微早点出发吧。"],"style":"text-indent: 1.5em; "},{"tag":"footer","author":"Mr.Hope","time":"2020年7月18日"}],"shareable":true,"contact":true,"images":["https://v3.mp.innenu.com/img/dorm/dorm6.jpg","https://v3.mp.innenu.com/img/dorm/dorm7.jpg","https://v3.mp.innenu.com/img/dorm/dorm8.jpg","https://v3.mp.innenu.com/img/dorm/toilet.jpg","https://v3.mp.innenu.com/img/dorm/toilet2.jpg","https://v3.mp.innenu.com/img/dorm/dorm9.jpg","https://v3.mp.innenu.com/img/dorm/dorm10.jpg","https://v3.mp.innenu.com/img/dorm/dorm11.jpg","https://v3.mp.innenu.com/img/dorm/dorm12.jpg","https://v3.mp.innenu.com/img/dorm/dorm13.jpg","https://v3.mp.innenu.com/img/dorm/dorm14.jpg","https://v3.mp.innenu.com/img/dorm/dorm15.jpg","https://v3.mp.innenu.com/img/dorm/dorm16.jpg","https://v3.mp.innenu.com/img/dorm/dorm17.jpg"],"id":"dorm/public","scopeData":{"@type":"general","uniq_id":"guide/dorm/public","cover":"https://v3.mp.innenu.com/img/dorm/dorm6.jpg","title":"公共设施","digest":"洗漱间全天供应冷水。生活热水每日使用量固定为 18 升(部分新生需要先在生活用水补助机上刷卡进行激活，激活之后应该立即可用)，超过 18 升按照 ￥0.2/升 扣除，可以自行到生活用水补助机处充值。寝室楼下就设有生活用水补助机。热水供应时间","thumbs":["https://v3.mp.innenu.com/img/dorm/dorm6.jpg","https://v3.mp.innenu.com/img/dorm/dorm7.jpg","https://v3.mp.innenu.com/img/dorm/dorm8.jpg","https://v3.mp.innenu.com/img/dorm/toilet.jpg","https://v3.mp.innenu.com/img/dorm/toilet2.jpg","https://v3.mp.innenu.com/img/dorm/dorm9.jpg","https://v3.mp.innenu.com/img/dorm/dorm10.jpg","https://v3.mp.innenu.com/img/dorm/dorm11.jpg","https://v3.mp.innenu.com/img/dorm/dorm12.jpg","https://v3.mp.innenu.com/img/dorm/dorm13.jpg"],"tags":["洗漱间","卫生间","其他设施","自习室","电梯","Mr.Hope 的解释"]}}