{"title":"本部美食节","shareable":true,"content":[{"tag":"text","type":"p","text":["学校每年都会举办美食节，在那一天，食堂所有档口都会打 8 折，每个档口和食堂还会制作美食供大家品尝。"],"style":"text-indent: 1.5em; "},{"tag":"title","text":"北苑"},{"tag":"img","src":"https://v3.mp.innenu.com/img/dining/dining28.jpg"},{"tag":"img","src":"https://v3.mp.innenu.com/img/dining/dining29.jpg"},{"tag":"img","src":"https://v3.mp.innenu.com/img/dining/dining30.jpg"},{"tag":"img","src":"https://v3.mp.innenu.com/img/dining/dining31.jpg"},{"tag":"title","text":"南苑"},{"tag":"img","src":"https://v3.mp.innenu.com/img/dining/dining32.jpg"},{"tag":"img","src":"https://v3.mp.innenu.com/img/dining/dining33.jpg"},{"tag":"img","src":"https://v3.mp.innenu.com/img/dining/dining34.jpg"},{"tag":"img","src":"https://v3.mp.innenu.com/img/dining/dining35.jpg"},{"tag":"text","type":"p","heading":"Mr.Hope  の 吐槽","text":["与其叫美食节，不如叫雕萝卜大赛。好吃不好吃是次要的，关键摆出来要好看，各个档口都会牟足力气用萝卜雕刻点啥摆出来。","学校会做免费的蛋糕(超大个的那种发给同学们吃)，各个档口也会摆出一些美食，在展示后留给同学们食用。","在那一天，食堂所有档口都会打 8 折对于大一大二同学来说是实惠的，因为等你们下了课，啥都没了。","西部拉面近几年的保留项目是上午在北苑一楼东侧现场做拉面展示，如果你想试试往年也是可以的，可以让你洗过手带着一次性塑料手套现场体验。不知道 2020 年因为疫情还会不会有。"],"style":"text-indent: 1.5em; "},{"tag":"footer","author":"Mr.Hope","time":"2019年4月9日"}],"images":["https://v3.mp.innenu.com/img/dining/dining28.jpg","https://v3.mp.innenu.com/img/dining/dining29.jpg","https://v3.mp.innenu.com/img/dining/dining30.jpg","https://v3.mp.innenu.com/img/dining/dining31.jpg","https://v3.mp.innenu.com/img/dining/dining32.jpg","https://v3.mp.innenu.com/img/dining/dining33.jpg","https://v3.mp.innenu.com/img/dining/dining34.jpg","https://v3.mp.innenu.com/img/dining/dining35.jpg"],"id":"dining/festival/benbu","scopeData":{"@type":"general","uniq_id":"guide/dining/festival/benbu","cover":"https://v3.mp.innenu.com/img/dining/dining28.jpg","title":"本部美食节","digest":"学校每年都会举办美食节，在那一天，食堂所有档口都会打 8 折，每个档口和食堂还会制作美食供大家品尝。Mr.Hope  の 吐槽 与其叫美食节，不如叫雕萝卜大赛。好吃不好吃是次要的，关键摆出来要好看，各个档口都会牟足力气用萝卜雕刻点啥摆出来。","thumbs":["https://v3.mp.innenu.com/img/dining/dining28.jpg","https://v3.mp.innenu.com/img/dining/dining29.jpg","https://v3.mp.innenu.com/img/dining/dining30.jpg","https://v3.mp.innenu.com/img/dining/dining31.jpg","https://v3.mp.innenu.com/img/dining/dining32.jpg","https://v3.mp.innenu.com/img/dining/dining33.jpg","https://v3.mp.innenu.com/img/dining/dining34.jpg","https://v3.mp.innenu.com/img/dining/dining35.jpg"],"tags":["北苑","南苑"]}}