{"title":"社团","shareable":true,"grey":true,"contact":true,"content":[{"tag":"list","header":"本部校区","content":[{"text":"卓音网络工作室","icon":"https://v3.mp.innenu.com/img/corporation/joinin.png","path":"association/joinin"},{"text":"大学生记者团","icon":"https://v3.mp.innenu.com/img/corporation/jizhetuan.png","path":"association/news-group"},{"text":"东北师范大学国际学生交流协会","icon":"https://v3.mp.innenu.com/img/corporation/NISA.png","path":"association/NISA"},{"text":"师说曲艺社","icon":"https://v3.mp.innenu.com/img/corporation/quyi.png","path":"association/shishuoquyi"},{"text":"青音吉他社","path":"association/guitar"},{"text":"“V·梦”创新创业协会","path":"association/Vdream"},{"text":"科技爱好者协会","path":"association/technology"},{"text":"天宇协会","path":"association/astronomy"}]},{"tag":"list","header":"净月校区","content":[{"text":"5A职业发展协会","icon":"https://v3.mp.innenu.com/img/corporation/5Alogo.png","path":"association/5A"}]},{"tag":"text","type":"p","heading":"入驻说明","text":["欢迎社团入驻本页面，请联系 QQ 1178522294"],"style":"text-indent: 1.5em; "},{"tag":"list","header":"入驻中...","content":[{"text":"心理协会","path":"association/update"},{"text":"翩鸿汉服社","path":"association/update"},{"text":"安之若素古风社团","path":"association/update"},{"text":"英国议会制全英辩论俱乐部","path":"association/update"},{"text":"锅庄舞协会","path":"association/update"},{"text":"棒垒球社团","path":"association/update"},{"text":"公费师范生协会","path":"association/update"},{"text":"数学建模协会","path":"association/update"},{"text":"花园梦儿童文学协会","path":"association/update"},{"text":"中华古诗词吟诵团","path":"association/update"},{"text":"小个协会","path":"association/update"},{"text":"城乡规划协会","path":"association/update"},{"text":"辅仁国学社","path":"association/update"},{"text":"心桥手语社","path":"association/update"},{"text":"大学生法制教育研习社","path":"association/update"},{"text":"演讲与口才协会","path":"association/update"},{"text":"绿色动力环保志愿者协会","path":"association/update"},{"text":"“原”诗社","path":"association/update"},{"text":"启思教师技能协会","path":"association/update"},{"text":"爱创影视协会","path":"association/update"},{"text":"Idea爱电影协会","path":"association/update"},{"text":"风信子心理社会服务社团","path":"association/update"},{"text":"D.N.A协会","path":"association/update"},{"text":"史学协会","path":"association/update"},{"text":"千格刀笔油画协会","path":"association/update"},{"text":"绿窗文学社","path":"association/update"},{"text":"足球裁判协会","path":"association/update"},{"text":"清雨坊书画协会","path":"association/update"},{"text":"GIS新希望协会","path":"association/update"},{"text":"爱踏足旅游协会","path":"association/update"},{"text":"红丝带志愿者协会","path":"association/update"},{"text":"英语协会","path":"association/update"},{"text":"乐群学社","path":"association/update"},{"text":"疯狂英语秀俱乐部","path":"association/update"}]},{"tag":"footer","author":"Mr.Hope","time":"2019年8月19日"}],"images":[],"id":"association/index","scopeData":{"@type":"general","uniq_id":"guide/association/index","title":"社团","digest":"入驻说明 欢迎社团入驻本页面，请联系 QQ 1178522294","thumbs":[],"tags":[]}}