{"title":"更新中","content":[{"tag":"title","text":"更新中"},{"tag":"text","type":"p","text":["社长还没来得及写介绍哟~"],"style":"text-indent: 1.5em; "},{"tag":"footer","author":"Mr.Hope","time":"2019年4月9日"}],"shareable":true,"contact":true,"images":[],"id":"association/update","scopeData":{"@type":"general","uniq_id":"guide/association/update","title":"更新中","digest":"社长还没来得及写介绍哟~","thumbs":["https://v3.mp.innenu.com/img/inNENU.jpg"],"tags":["更新中"]}}