{"title":"英语课程","grey":true,"content":[{"tag":"list","header":"课程说明","content":[{"text":"课程简介","icon":"/module/icon/english.svg","path":"study/english/intro"},{"text":"免修评定","icon":"/module/icon/free-study.svg","path":"study/english/exemption"},{"text":"东北师范大学英语水平测试","icon":"/module/icon/english.svg","path":"study/english/DET"}]},{"tag":"footer","author":"Mr.Hope","time":"2020年7月17日"}],"shareable":true,"contact":true,"images":[],"id":"study/english/index","scopeData":{"@type":"general","uniq_id":"guide/study/english/index","title":"英语课程","digest":"","thumbs":["https://v3.mp.innenu.com/img/inNENU.jpg"],"tags":[]}}