{"title":"ATM机","content":[{"tag":"title","text":"ATM 机位置"},{"tag":"text","type":"p","heading":"本部","text":["区域位于北苑超市旁，目前已有 ATM 入驻的银行有交通银行(可存钱)、中国邮政储蓄银行、中国农业银行、长春农业银行、中国建设银行等"],"style":"text-indent: 1.5em; "},{"tag":"text","type":"p","heading":"净月","text":["区域位于一食堂北边(靠近博硕路一侧)，目前已有 ATM 入驻的银行有交通银行(可存钱) 、中国银行、中国建设银行、中国邮政储蓄银行、中国农业银行。另外，纽瓦克学院(行政楼)一楼也有交通银行取款机。"],"style":"text-indent: 1.5em; "},{"tag":"footer","author":"Mr.Hope","time":"2019年7月25日"}],"shareable":true,"images":[],"id":"life/atm","scopeData":{"@type":"general","uniq_id":"guide/life/atm","title":"ATM机","digest":"本部 区域位于北苑超市旁，目前已有 ATM 入驻的银行有交通银行(可存钱)、中国邮政储蓄银行、中国农业银行、长春农业银行、中国建设银行等净月 区域位于一食堂北边(靠近博硕路一侧)，目前已有 ATM 入驻的银行有交通银行(可存钱) 、中国银行","thumbs":["https://v3.mp.innenu.com/img/inNENU.jpg"],"tags":["ATM 机位置"]}}