{"title":"生活","shareable":true,"grey":true,"contact":true,"content":[{"tag":"list","content":[{"text":"洗浴","icon":"/module/icon/bath.svg","path":"life/bath"},{"text":"理发","icon":"/module/icon/haircut.svg","path":"life/haircut"},{"text":"照相","icon":"/module/icon/photo.svg","path":"life/photo"},{"text":"打印","icon":"/module/icon/print.svg","path":"life/print"},{"text":"超市","icon":"/module/icon/shop.svg","path":"life/shop"},{"text":"快递","icon":"/module/icon/express.svg","path":"life/express/index"},{"text":"地铁卡公交卡","icon":"/icon/tabPage/card.svg","path":"life/card"},{"text":"ATM","icon":"/module/icon/atm.svg","path":"life/atm"},{"text":"就医","icon":"/icon/tabPage/heart.svg","path":"life/hostpital"},{"text":"校园周边","icon":"/icon/tabPage/nearby.svg","path":"life/nearby"}]},{"tag":"footer","author":"Mr.Hope","time":"2019年8月1日"}],"images":[],"id":"life/index"}