{"title":"打印","shareable":true,"content":[{"tag":"title","text":"本部"},{"tag":"text","type":"p","heading":"校内位置","text":["北苑超市旁、南苑、图书馆一楼、图书馆电子阅览室、北苑地下一楼"],"style":"text-indent: 1.5em; "},{"tag":"text","type":"p","heading":"校外位置","text":["东师文昌路数码图文快印","地址: 东师文昌路小南门东行30米绿园餐厅楼上中门二楼","黑白打印一律 8 分，激光彩色打印 5 角起，个人或拼单 30 元可送货","可开发票 效果好 速度快","营业时间: 7:00 —— 22:30","QQ: 2102257311 3279519252","手机/微信: 13694307499 13843189514"],"style":"text-indent: 1.5em; "},{"tag":"title","text":"净月"},{"tag":"text","type":"p","heading":"位置","text":["二食堂超市对面复印店、师大图文复印店"],"style":"text-indent: 1.5em; "},{"tag":"card","type":"web","logo":"https://v3.mp.innenu.com/img/nenuyouth.png","name":"东师青年","title":"东师史上最全的复印店数据大评估","desc":"快来走进东师青年和校会君一起看","src":"http://mmbiz.qpic.cn/mmbiz_jpg/s67UCDghNJlZj12wxUnVnmUZgOFJlZE8fToOYsx95sr68ia53XIH9heyQ5mo7owCibia4sU3X5uH8oMdk59icfelPw/0?wx_fmt=jpeg","url":"http://mp.weixin.qq.com/s/SIVZp56HZTmvMfqua2c_VQ"},{"tag":"footer","author":"Mr.Hope","time":"2020年7月22日"}],"images":[],"id":"life/print","scopeData":{"@type":"general","uniq_id":"guide/life/print","title":"打印","digest":"校内位置 北苑超市旁、南苑、图书馆一楼、图书馆电子阅览室、北苑地下一楼校外位置 东师文昌路数码图文快印 地址: 东师文昌路小南门东行30米绿园餐厅楼上中门二楼 黑白打印一律 8 分，激光彩色打印 5 角起，个人或拼单 30 元可送货 可开发","thumbs":["https://v3.mp.innenu.com/img/inNENU.jpg"],"tags":["本部","净月"]}}