{"title":"轨道交通运营地点及时间","shareable":true,"contact":true,"content":[{"tag":"title","text":"本部净月往返"},{"tag":"text","heading":"地铁-轻轨","text":["   本部到净月的路线：\n  乘坐地铁一号线从东北师大站向红嘴子方向坐三战到卫星广场站。\n  在卫星广场站站内换乘三号线轻轨向长影影视城方向乘坐到博硕路下车。\n   净月到本部的路线：\n  乘坐轻轨三号线从博硕路向长春站方向乘坐若干站到卫星广场站。\n  在卫星广场站站内换乘地铁一号线向北环城路方向乘坐三战到东北师大站下车。\n   本部的地铁站就在正门附近,也就是校医院门口，净月的轻轨站在净月校门附近，出校门左转走两分钟就到了。"]},{"tag":"img","src":"https://mp.innenu.com/img/check/check3.jpg","desc":"地铁一号线运营时间"},{"tag":"img","src":"https://mp.innenu.com/img/check/check5.jpg","desc":"地铁一号线途经站点"},{"tag":"title","text":"制作中..."},{"tag":"footer","author":"Mr.Hope","time":"2019年8月1日"}],"images":["https://mp.innenu.com/img/check/check3.jpg","https://mp.innenu.com/img/check/check5.jpg"],"id":"traffic/open-time"}