{"title":"保卫科","content":[{"tag":"title","text":"简介"},{"tag":"text","type":"p","text":["保卫科是负责校园安全的科室。为保障学生安全，保卫科会派巡逻车在校园内巡视，如发现或遭遇安全问题，请一定要拨打保卫科热线：85098110"],"style":"text-indent: 1.5em; "},{"tag":"phone","fName":"保卫科","num":"0431-85098110","org":"东北师范大学","street":"吉林省长春市人民大街5268号","postCode":"130024"},{"tag":"footer","author":"Mr.Hope","time":"2020年7月18日"}],"shareable":true,"contact":true,"images":[],"id":"apartment/defend","scopeData":{"@type":"general","uniq_id":"guide/apartment/defend","title":"保卫科","digest":"保卫科是负责校园安全的科室。为保障学生安全，保卫科会派巡逻车在校园内巡视，如发现或遭遇安全问题，请一定要拨打保卫科热线：85098110","thumbs":["https://v3.mp.innenu.com/img/inNENU.jpg"],"tags":["简介"]}}