{"title":"学校机构说明","shareable":true,"grey":true,"contact":true,"content":[{"tag":"list","content":[{"text":"党委学生工作部","path":"apartment/student"},{"text":"学生心理健康教育中心","path":"apartment/psychology"},{"text":"学校办公室","path":"apartment/office"},{"text":"校团委","path":"apartment/youthLeague"},{"text":"后勤管理处","path":"apartment/logistics"},{"text":"校医院","path":"apartment/hospital/index"},{"text":"保卫科","path":"apartment/defend"}]},{"tag":"footer","author":"Mr.Hope","time":"2019年8月15日"}],"images":[],"id":"apartment/index"}