{"title":"学校机构说明","grey":true,"content":[{"tag":"list","content":[{"text":"党委学生工作部","icon":"/module/icon/student.svg","path":"apartment/student"},{"text":"学生心理健康教育中心","icon":"/module/icon/psychology.svg","path":"apartment/psychology"},{"text":"学校办公室","icon":"/module/icon/office.svg","path":"apartment/office"},{"text":"校团委","icon":"/module/icon/league.svg","path":"apartment/youthLeague"},{"text":"后勤管理处","icon":"/module/icon/wrench.svg","path":"apartment/logistics"},{"text":"校医院","icon":"/icon/tagPage/heart.svg","path":"apartment/hospital/index"},{"text":"保卫科","path":"apartment/defend"}]},{"tag":"footer","author":"Mr.Hope","time":"2019年8月15日"}],"shareable":true,"contact":true,"images":[],"id":"apartment/index","scopeData":{"@type":"general","uniq_id":"guide/apartment/index","title":"学校机构说明","digest":"","thumbs":["https://v3.mp.innenu.com/img/inNENU.jpg"],"tags":[]}}