{"title":"后勤管理处","shareable":true,"contact":true,"content":[{"tag":"title","text":"机构设置"},{"tag":"img","src":"https://v3.mp.innenu.com/img/apartment/houqinDetail.jpg"},{"tag":"title","text":"相关文件"},{"tag":"doc","name":"学生公寓管理办法","url":"https://v3.mp.innenu.com/file/hq/rule.docx","icon":"doc"},{"tag":"doc","name":"学生公寓卫生管理办法","url":"https://v3.mp.innenu.com/file/hq/weisheng.docx","icon":"doc"},{"tag":"doc","name":"个人班车申请","url":"https://v3.mp.innenu.com/file/hq/personBus.docx","icon":"doc"},{"tag":"doc","name":"集体班车申请","url":"https://v3.mp.innenu.com/file/hq/groupBus.docx","icon":"doc"},{"tag":"footer","desc":"信息来源：后勤管理处官网","time":"2019年8月1日"}],"images":["https://v3.mp.innenu.com/img/apartment/houqinDetail.jpg"],"id":"apartment/logistics","scopeData":{"@type":"general","uniq_id":"guide/apartment/logistics","cover":"https://v3.mp.innenu.com/img/apartment/houqinDetail.jpg","title":"后勤管理处","digest":"","thumbs":["https://v3.mp.innenu.com/img/apartment/houqinDetail.jpg"],"tags":["机构设置","相关文件"]}}