{"title":"学校办公室","content":[{"tag":"title","text":"工作职能"},{"tag":"text","type":"p","text":["东北师范大学学校办公室是学校党委和行政的综合办事机构，工作职能是：参与政务、综合服务；调查研究、提供咨询；督促检查、催办落实；统筹协调、组织实施。"],"style":"text-indent: 1.5em; "},{"tag":"title","text":"机构设置"},{"tag":"img","src":"https://mp.innenu.com/img/apartment/officeDetail.jpg"},{"tag":"footer","desc":"信息来源：校办公室官网","time":"2020年7月18日"}],"shareable":true,"contact":true,"images":["https://mp.innenu.com/img/apartment/officeDetail.jpg"],"id":"apartment/office"}