{"title":"类型及评定时间","content":[{"tag":"title","text":"类型"},{"tag":"img","src":"https://v3.mp.innenu.com/img/study/scholarship.jpg"},{"tag":"title","text":"评定时间"},{"tag":"text","heading":"9月","text":["宝钢奖学金"]},{"tag":"text","type":"ul","heading":"10月","text":["国家奖学金","学年奖学金(包括校长奖学金、一等奖学金、二等奖学金、三等奖学金)","单项奖学金","国家励志奖学金","叶圣陶奖学金"]},{"tag":"text","heading":"次年3月","text":["明德奖学金"]},{"tag":"text","heading":"次年6月","text":["学年奖学金(针对毕业生)"]},{"tag":"title","text":"相关文件"},{"tag":"doc","docName":"本科学生奖励条例","url":"https://v3.mp.innenu.com/file/xsc/scholarship.pdf","docIcon":"doc"},{"tag":"doc","docName":"奖学金评审流程","url":"https://v3.mp.innenu.com/file/xsc/scholarship.png","docIcon":"png"},{"tag":"doc","docName":"校长奖学金申请表","url":"https://v3.mp.innenu.com/file/xsc/xiaozhang.docx","docIcon":"doc"},{"tag":"doc","docName":"一等奖学金申请表","url":"https://v3.mp.innenu.com/file/xsc/yideng.docx","docIcon":"doc"},{"tag":"doc","docName":"二等奖学金申请表","url":"https://v3.mp.innenu.com/file/xsc/erdeng.docx","docIcon":"doc"},{"tag":"doc","docName":"三等奖学金申请表","url":"https://v3.mp.innenu.com/file/xsc/sandeng.docx","docIcon":"doc"},{"tag":"doc","docName":"单项奖学金申请表","url":"https://v3.mp.innenu.com/file/xsc/danxiang.docx","docIcon":"doc"},{"tag":"footer","author":"Mr.Hope","time":"2020年7月17日"}],"shareable":true,"contact":true,"images":["https://v3.mp.innenu.com/img/study/scholarship.jpg"],"id":"study/scholarship/intro","scopeData":{"@type":"general","uniq_id":"guide/study/scholarship/intro","cover":"https://v3.mp.innenu.com/img/study/scholarship.jpg","title":"类型及评定时间","digest":"9月 宝钢奖学金10月 国家奖学金 学年奖学金(包括校长奖学金、一等奖学金、二等奖学金、三等奖学金) 单项奖学金 国家励志奖学金 叶圣陶奖学金次年3月 明德奖学金次年6月 学年奖学金(针对毕业生)","thumbs":["https://v3.mp.innenu.com/img/study/scholarship.jpg"],"tags":["类型","评定时间","相关文件"]}}