{"title":"类型及评定时间","shareable":true,"contact":true,"content":[{"tag":"title","text":" 类型"},{"tag":"img","src":"https://mp.innenu.com/img/study/scholarship.jpg"},{"tag":"title","text":"评定时间"},{"tag":"text","heading":"9月","text":"宝钢奖学金"},{"tag":"text","heading":"10月","text":"国家奖学金\n学年奖学金(包括校长奖学金、一等奖学金、二等奖学金、三等奖学金)\n单项奖学金\n国家励志奖学金\n叶圣陶奖学金"},{"tag":"text","heading":"次年3月","text":"明德奖学金"},{"tag":"text","heading":"次年6月","text":"学年奖学金(针对毕业生)"},{"tag":"doc","docName":"本科学生奖励条例","url":"https://mp.innenu.com/file/xsc/scholarship.pdf","docIcon":"doc"},{"tag":"doc","docName":"奖学金评审流程","url":"https://mp.innenu.com/file/xsc/scholarship.png","docIcon":"png"},{"tag":"doc","docName":"校长奖学金申请表","url":"https://mp.innenu.com/file/xsc/xiaozhang.docx","docIcon":"doc"},{"tag":"doc","docName":"一等奖学金申请表","url":"https://mp.innenu.com/file/xsc/yideng.docx","docIcon":"doc"},{"tag":"doc","docName":"二等奖学金申请表","url":"https://mp.innenu.com/file/xsc/erdeng.docx","docIcon":"doc"},{"tag":"doc","docName":"三等奖学金申请表","url":"https://mp.innenu.com/file/xsc/sandeng.docx","docIcon":"doc"},{"tag":"doc","docName":"单项奖学金申请表","url":"https://mp.innenu.com/file/xsc/danxiang.docx","docIcon":"doc"},{"tag":"footer","author":"Mr.Hope","time":"2019年10月10日"}],"images":["https://mp.innenu.com/img/study/scholarship.jpg"],"id":"study/scholarship/intro"}