{"title":"校园网","grey":true,"content":[{"tag":"text","heading":"校园网简介","type":"p","text":["当您在校内时，可以使用校园网来进行上网。目前东北师范大学与联通公司合作为您提供互联网访问服务，在日常使用时，可能会偶尔出现网速波动、延迟上升、网络不稳的情况，请您不要惊慌，这太正常了，就像您每天都要吃饭喝水一样。(•̀ω•́)✧","不过总体上来说，除了晚上用网高峰期可能网速不会太高，延迟会上升到 50ms - 100ms(毕竟寝室楼那么多人)之外，其他的都挺好。(仅代表本部)"],"style":"text-indent: 1.5em; "},{"tag":"text","heading":"校园网优势","type":"p","text":["使用校园网上网会被认证为东北师范大学企业用户，可以享有一些特权，比如免费下载百度文库等。","很多系统只针对校园网内部开放，比如图书馆数据库、选课系统、本科教学服务系统等。"],"style":"text-indent: 1.5em; "},{"tag":"list","header":"了解更多","content":[{"text":"有线上网","icon":"/module/icon/ethernet.svg","path":"network/lan"},{"text":"无线上网","icon":"/module/icon/wifi.svg","path":"network/wlan"},{"text":"计费","icon":"/module/icon/pay.svg","path":"network/fee"},{"text":"统一身份认证","icon":"/icon/tabPage/about.svg","path":"account/authorize"}]},{"tag":"footer","author":"Mr.Hope","time":"2019年8月15日"}],"shareable":true,"images":[],"id":"network/index","scopeData":{"@type":"general","uniq_id":"guide/network/index","title":"校园网","digest":"校园网简介 当您在校内时，可以使用校园网来进行上网。目前东北师范大学与联通公司合作为您提供互联网访问服务，在日常使用时，可能会偶尔出现网速波动、延迟上升、网络不稳的情况，请您不要惊慌，这太正常了，就像您每天都要吃饭喝水一样。(•̀ω•́)✧","thumbs":["https://v3.mp.innenu.com/img/inNENU.jpg"],"tags":[]}}