{"title":"校园网","shareable":true,"grey":true,"contact":true,"content":[{"tag":"text","heading":"校园网简介","type":"p","text":["当您在校内时，可以使用校园网来进行上网。目前东北师范大学与联通公司合作为您提供互联网访问服务，在日常使用时，可能会偶尔出现网速波动、延迟上升、网络不稳的情况，请您不要惊慌，这太正常了，就像您每天都要吃饭喝水一样。(•̀ω•́)✧"],"style":"text-indent: 1.5em; "},{"tag":"text","heading":"校园网优势","type":"p","text":["使用校园网上网会被认证为东北师范大学企业用户，可以享有一些特权，比如免费下载知网论文。"],"style":"text-indent: 1.5em; "},{"tag":"list","header":"了解更多","content":[{"text":"有线上网","icon":"/module/icon/ethernet.svg","path":"network/lan"},{"text":"无线上网","icon":"/module/icon/wifi.svg","path":"network/wlan"},{"text":"计费","icon":"/module/icon/pay.svg","path":"network/fee"},{"text":"统一身份认证","icon":"/icon/tabPage/about.svg","path":"account/authorize"}]},{"tag":"footer","author":"Mr.Hope","time":"2019年8月15日"}],"images":[],"id":"network/index","scopeData":{"@type":"general","uniq_id":"guide/network/index","title":"校园网","digest":"校园网简介 当您在校内时，可以使用校园网来进行上网。目前东北师范大学与联通公司合作为您提供互联网访问服务，在日常使用时，可能会偶尔出现网速波动、延迟上升、网络不稳的情况，请您不要惊慌，这太正常了，就像您每天都要吃饭喝水一样。(•̀ω•́)✧","thumbs":[],"tags":[]}}