{"title":"制作中","content":[{"tag":"swiper","url":["http://sky.nenu.edu.cn/temp/b_banner2.jpg","http://sky.nenu.edu.cn/temp/b_banner.jpg"]},{"tag":"title","text":"制作中"},{"tag":"text","heading":"学院简介","text":"制作中..."},{"tag":"text","heading":"师资力量","text":"制作中..."},{"tag":"text","heading":"学科建设","text":"制作中..."},{"tag":"text","heading":"人才培养","text":"制作中..."},{"tag":"text","heading":"联系方式","text":"制作中..."},{"tag":"footer","desc":"来源：东北师范大学官网"}],"hidden":true}