{"title":"学分","shareable":true,"contact":true,"content":[{"tag":"title","text":"学分介绍"},{"tag":"text","type":"p","text":["学分，是计算学习量的一种计量单位，按学期计算。通常情况下，一门课程的学分和这门课的每周学时直接挂钩，通过学分可以评判学生在大学期间的学习知识的广度及上课的数量，获得的学分越多，说明选择的课程越多。"],"style":"text-indent: 1.5em; "},{"tag":"title","text":"学分的计算"},{"tag":"text","type":"p","text":["在我校，每周 1 学时的课程即为 1 学分。通常实验课和实习课的学分减半，即每周 2 学时的实验课只有 1 学分。学校每节课即为 1 学时，时长 45 分钟，奇数与偶数两节课连上。"],"style":"text-indent: 1.5em; "},{"tag":"title","text":"学分的获得"},{"tag":"text","type":"p","text":["学分的获得有且仅有一个条件：对应课程的期末总成绩达到 60 分(即及格)，这也正是大学及格万岁的由来。即使期末没有达到 60 分，补考成绩如果 ≥ 60 分也算通过了该课程。","不过，仅仅以通过所有课程为目的进行考试，在日后会痛苦万分。因为在毕业时学士学位的授予，以及就业、保研等情况，都离不开后文的平均学分绩点，所以如果您日后想有一个好前程，万万不可有及格万岁的心态。"],"style":"text-indent: 1.5em; "},{"tag":"title","text":"学分需求"},{"tag":"text","type":"p","text":["在大学需要修读的学分，由所在专业的课程计划决定。课程计划会明确规定所学专业的修读年限、修读总学分、各类别课程的学分以及毕业绩点要求。","只要学分达到要求就可以获得毕业证了，但学位证有绩点要求。\"","选课时候您要特别注意，看看自己是不是按照学院计划选了课，同时应留意自己的发展方向学分能否按时修完。一定一定要注意。每年毕业审核的时候都有学分没修够被迫读大五的情况。"],"style":"text-indent: 1.5em; "},{"tag":"list","header":false,"content":[{"text":"各专业课程计划","icon":"/module/icon/plan.svg","path":"course/plan"}]},{"tag":"title","text":"补考"},{"tag":"text","type":"p","text":["60 分以下算挂科，即没有通过课程，不会获得该门课的学分，也没有绩点。为了给学生通过这门课程的机会，部分课程会在课程结束后的第二个学期初安排补考。拥有补考的课程是几乎所有专业必修课与大部分通识必修课程)，由于国家规定补考可根据课程情况合理安排，所以部分考核涉及到实验操作的课程，或者是政治、军训课都是没有补考的。","补考无论考 60 还是 60 分以上，都只算 60 分，而且成绩档案上会标记 \"*\" (在最底部注明其为补考标记)，60 分以下依旧算挂科，无法获得这门课的学分。"],"style":"text-indent: 1.5em; "},{"tag":"footer","author":"Mr.Hope","time":"2020年7月18日"}],"images":[],"id":"study/credit","scopeData":{"@type":"general","uniq_id":"guide/study/credit","title":"学分","digest":"学分，是计算学习量的一种计量单位，按学期计算。通常情况下，一门课程的学分和这门课的每周学时直接挂钩，通过学分可以评判学生在大学期间的学习知识的广度及上课的数量，获得的学分越多，说明选择的课程越多。在我校，每周 1 学时的课程即为 1 学分。","thumbs":[],"tags":["学分介绍","学分的计算","学分的获得","学分需求","补考"]}}