{"title":"学习","shareable":true,"grey":true,"contact":true,"content":[{"tag":"list","header":"日常学习","content":[{"text":"上课时间、地点","icon":"/module/icon/scholarship.svg","path":"study/location-and-time"}]},{"tag":"list","header":"奖学金","content":[{"text":"类型及评定时间","icon":"/module/icon/scholarship.svg","path":"study/scholarship/intro"},{"text":"特别说明","icon":"/module/icon/attentionItem.svg","path":"study/scholarship/explain"}]},{"tag":"list","header":"公共课程","content":[{"text":"体育课说明","icon":"/module/icon/bodyMeasureTime.svg","path":"study/PE"},{"text":"网课说明","icon":"/module/icon/wifi.svg","path":"study/net-course"}]},{"tag":"list","header":"英语课程说明","content":[{"text":"英语课程简介","icon":"/module/icon/English.svg","path":"study/english/intro"},{"text":"免修评定","icon":"/module/icon/English.svg","path":"study/english/exemption"}]},{"tag":"footer","author":"Mr.Hope","time":"2019/9/6"}],"images":[],"id":"study/index"}