{"title":"学习","grey":true,"content":[{"tag":"list","header":"日常学习","content":[{"text":"上课时间、地点","icon":"/module/icon/time.svg","path":"study/location-and-time"}]},{"tag":"list","header":"成绩","content":[{"text":"学分","icon":"/module/icon/gpa.svg","path":"study/credit"},{"text":"绩点","icon":"/module/icon/gpa.svg","path":"study/gpa"},{"text":"成绩单与成绩档案","icon":"/module/icon/score.svg","path":"study/grade"}]},{"tag":"list","header":"奖学金","content":[{"text":"类型及评定时间","icon":"/module/icon/scholarship.svg","path":"study/scholarship/intro"},{"text":"特别说明","icon":"/module/icon/alert.svg","path":"study/scholarship/explain"}]},{"tag":"list","header":"公共课程","content":[{"text":"体育课说明","icon":"/module/icon/basketball.svg","path":"study/PE"},{"text":"网课说明","icon":"/module/icon/wifi.svg","path":"study/net-course"}]},{"tag":"list","header":"英语课程说明","content":[{"text":"英语课程简介","icon":"/module/icon/english.svg","path":"study/english/intro"},{"text":"免修评定","icon":"/module/icon/free-study.svg","path":"study/english/exemption"},{"text":"东北师范大学英语水平测试","icon":"/module/icon/english.svg","path":"study/english/DET"}]},{"tag":"footer","author":"Mr.Hope","time":"2020年7月17日"}],"shareable":true,"contact":true,"images":[],"id":"study/index","scopeData":{"@type":"general","uniq_id":"guide/study/index","title":"学习","digest":"","thumbs":[],"tags":[]}}