{"title":"网络课程说明","shareable":true,"contact":true,"content":[{"tag":"text","text":"   网络课程上课时间自由，平时作业也很少，期末考试的难度也不大，大家可以在大学生涯中酌情选择几门网课修读。"},{"tag":"title","text":"智慧树"},{"tag":"doc","docName":"使用文档","url":"https://mp.innenu.com/file/study/zhihuishu.pdf","docIcon":"./icon/pdf.svg"},{"tag":"title","text":"尔雅"},{"tag":"doc","docName":"尔雅学生使用手册","url":"https://mp.innenu.com/file/study/erya.pdf","docIcon":"./icon/pdf.svg"},{"tag":"footer","author":"Mr.Hope","time":"2019/7/22"}],"images":[],"id":"study/net-course"}