{"title":"网络课程","content":[{"tag":"title","text":"介绍"},{"tag":"text","type":"p","text":["除普通通识选修课程以外学校还开设一些网络课程，为通识选修课程。分为两类。","第一类是师范共享平台网络课程。这种课都是别的学校的，询问本届多人建议慎选。多为周六周日上课。给分捉摸不定还可能出问题。","第二类是通识选修网络课，主要集中在超星尔雅和智慧树两个平台。需要按时在线观看课程并完成课后考试，课程时间长度一般会远超线下的课程时间长度，学校还会安排教务秘书定期发放作业。考试形式为在线考试。"],"style":"text-indent: 1.5em; "},{"tag":"title","text":"特点"},{"tag":"text","type":"p","text":["网络课程上课时间自由，平时作业也很少，期末考试的难度也不大，大家可以在大学生涯中根据自己的兴趣爱好酌情选择网课修读。"],"style":"text-indent: 1.5em; "},{"tag":"title","text":"相关手册"},{"tag":"text","heading":"智慧树"},{"tag":"doc","docName":"使用文档","url":"https://v3.mp.innenu.com/file/study/zhihuishu.pdf","docIcon":"pdf"},{"tag":"text","heading":"尔雅"},{"tag":"doc","docName":"尔雅学生使用手册","url":"https://v3.mp.innenu.com/file/study/erya.pdf","docIcon":"pdf"},{"tag":"footer","author":"Mr.Hope","time":"2020年7月18日"}],"shareable":true,"contact":true,"images":[],"id":"study/net-course","scopeData":{"@type":"general","uniq_id":"guide/study/net-course","title":"网络课程","digest":"除普通通识选修课程以外学校还开设一些网络课程，为通识选修课程。分为两类。 第一类是师范共享平台网络课程。这种课都是别的学校的，询问本届多人建议慎选。多为周六周日上课。给分捉摸不定还可能出问题。 第二类是通识选修网络课，主要集中在超星尔雅和智","thumbs":["https://v3.mp.innenu.com/img/inNENU.jpg"],"tags":["介绍","特点","相关手册"]}}