{"title":"网络课程说明","content":[{"tag":"text","type":"p","text":["网络课程上课时间自由，平时作业也很少，期末考试的难度也不大，大家可以在大学生涯中根据自己的兴趣爱好酌情选择几门网课修读。"],"style":"text-indent: 1.5em; "},{"tag":"title","text":"智慧树"},{"tag":"doc","docName":"使用文档","url":"https://mp.innenu.com/file/study/zhihuishu.pdf","docIcon":"pdf"},{"tag":"title","text":"尔雅"},{"tag":"doc","docName":"尔雅学生使用手册","url":"https://mp.innenu.com/file/study/erya.pdf","docIcon":"pdf"},{"tag":"footer","author":"Mr.Hope","time":"2020年7月17日"}],"shareable":true,"contact":true,"images":[],"id":"study/net-course"}