{"title":"校园跑","content":[{"tag":"title","text":"介绍"},{"tag":"text","type":"p","text":["体育课的平时成绩包括校园跑这一项，如果不参与校园跑，体育成绩平时成绩会被扣分。"],"style":"text-indent: 1.5em; "},{"tag":"title","text":"考查方式"},{"tag":"text","type":"p","text":["校园跑需要使用“运动世界校园” APP 进行，同学们需要下载安装。"],"style":"text-indent: 1.5em; "},{"tag":"text","heading":"要求","text":["男生：要求每学期 100 公里，每天最多 4 公里，配速要求为每公里 2 分 - 8 分","女生：要求每学期 80 公里，每天最多 3 公里。配速要求每公里 2 分 - 10 分。","每次跑步需要至少一公里才能判定有效，跑步期间可以暂停，最多不超过 30 分钟。"]},{"tag":"title","text":"注意事项"},{"tag":"text","type":"p","heading":"APP 限制登陆","text":["APP 登录账号时要求绑定设备，学生在校期间，为防止替跑，每个学生账号最多绑定两台设备。在更多设备进行登录会被判定违规，导致账号锁死/成绩无效。","这点请同学们注意，由于账号的锁死是由软件公司判别的，锁死后你的体育老师就拿不到成绩，请同学们务必注意，不要随意的临时登录消耗掉第二台设备，以免手机故障后，该学期校园跑无法得分，"],"style":"text-indent: 1.5em; "},{"tag":"text","heading":"步数检测","text":["APP 在记录跑步的时候除了使用 GPS 定位之外，还会使用加速度计与陀螺仪进行步频的检测。","所以如果骑车或者使用轮滑、滑板等手段，可能会被系统判定为作弊，导致本学期跑步成绩无效。所以请同学们认真对待、务必小心。"]},{"tag":"footer","author":"Mr.Hope","time":"2020年7月18日"}],"shareable":true,"contact":true,"images":[],"id":"study/running"}