{"title":"校园卡消费功能","content":[{"tag":"title","text":"向校园卡储值"},{"tag":"text","text":["直饮机、生活用水、网费都是有自己的小钱包的，而且可以通过校园卡充值。同时电费和浴池(本部)也是有自己的钱包的。"]},{"tag":"footer","author":"Mr.Hope","time":"2019年8月15日"}],"shareable":true,"contact":true,"images":[],"id":"card/fee","scopeData":{"@type":"general","uniq_id":"guide/card/fee","title":"校园卡消费功能","digest":"直饮机、生活用水、网费都是有自己的小钱包的，而且可以通过校园卡充值。同时电费和浴池(本部)也是有自己的钱包的。","thumbs":["https://v3.mp.innenu.com/img/inNENU.jpg"],"tags":["向校园卡储值"]}}