{"title":"校园卡","grey":true,"content":[{"tag":"list","content":[{"text":"校园卡简介","icon":"/module/icon/info.svg","path":"card/intro"},{"text":"自助终端机","icon":"/module/icon/atm.svg","path":"card/terminal"},{"text":"校园卡充值","icon":"/module/icon/pay.svg","path":"card/charge"},{"text":"使用前准备","desc":"新卡到手后","icon":"/module/icon/prepare.svg","path":"card/perpare"},{"text":"校园卡丢失","desc":"立即挂失","icon":"/module/icon/lost.svg","path":"card/lost"},{"text":"更多业务办理","desc":"信息化办","icon":"/module/icon/office.svg","path":"card/office"},{"text":"常见故障及解决办法","icon":"/module/icon/error.svg","path":"card/malfunction"},{"text":"照片？？？","icon":"/module/icon/photo.svg","desc":"为什么它这么丑","path":"card/photo"},{"text":"爱护校园卡","icon":"/icon/tabPage/card.svg","path":"card/protect"}]},{"tag":"list","content":[{"text":"Mr.Hope 的个人建议","icon":"/module/icon/skill.svg","path":"card/advice"}]},{"tag":"footer","author":"Mr.Hope","time":"2020年7月18日"}],"shareable":true,"images":[],"id":"card/index","scopeData":{"@type":"general","uniq_id":"guide/card/index","title":"校园卡","digest":"","thumbs":["https://v3.mp.innenu.com/img/inNENU.jpg"],"tags":[]}}