{"title":"信息化办","shareable":true,"contact":true,"content":[{"tag":"text","text":"   如果要办理校园卡开户、销户、基本信息变更、补卡、换卡等相关业务，可以到信息化办办理。"},{"tag":"text","heading":"地址：","text":"本部：田家炳楼213\n净月：冬华公寓2楼"},{"tag":"text","heading":"工作时间:","text":"  周一到周五：8:00-18:00\n  周六到周日：8:30-11:30,13:30-16:30\n  平时工作日中午去信息化办办理业务的时候建议您小声一些，尽量不要打扰部分工作人员的午休。"},{"tag":"text","heading":"如有疑问可以咨询：","text":"人工服务电话："},{"tag":"phone","num":"043185099005","fName":"人工服务电话","org":"东北师范大学"},{"tag":"text","text":"24小时自助服务电话："},{"tag":"phone","num":"043185099119","fName":"24小时自助服务电话","org":"东北师范大学"},{"tag":"text","heading":"其他联系方式：","text":"微信公众平台：东师信息化办\n官方QQ：1309969928\n电子邮件：dsxxb@nenu.edu.cn"},{"tag":"footer","time":"2019年8月17日"}],"images":[],"id":"card/office"}