{"title":"为何照片这么丑","content":[{"tag":"title","text":"为什么是这张照片！"},{"tag":"text","type":"p","text":["先不怀好意的笑一笑，新卡用的就是高考报考照片。您请不要埋怨，这是高校在新生入学前能够获得的新生唯一一张照片。"],"style":"text-indent: 1.5em; "},{"tag":"title","text":"照片这么丑可以换么？"},{"tag":"text","text":["看到这里，可以预想到您也许会产生挂失卡重新补办来换一张新照片的心理。但是 Mr.Hope 在这里悲伤地告诉您：很遗憾不行。无论您补多少张卡，仍然是那张照片。同志们要求信息化办开通一个上传照片的功能已经很多年了，但是考虑到无法判定是否是本人照片以及与本人差距有多大一直没能实现。这张照片会跟着您四年的。ヾ(｡ꏿ﹏ꏿ)ﾉﾞ乌啦啦啦！开心嘛？这张校园卡会时刻提醒您：生活不易，且行且珍惜。"]},{"tag":"text","type":"p","text":["最后，提示您：大学学生证照片好好照哦~hhh"],"style":"text-indent: 1.5em; "},{"tag":"footer","author":"Mr.Hope","time":"2020年7月18日"}],"shareable":true,"contact":true,"images":[],"id":"card/photo","scopeData":{"@type":"general","uniq_id":"guide/card/photo","title":"为何照片这么丑","digest":"先不怀好意的笑一笑，新卡用的就是高考报考照片。您请不要埋怨，这是高校在新生入学前能够获得的新生唯一一张照片。看到这里，可以预想到您也许会产生挂失卡重新补办来换一张新照片的心理。但是 Mr.Hope 在这里悲伤地告诉您：很遗憾不行。无论您补多","thumbs":["https://v3.mp.innenu.com/img/inNENU.jpg"],"tags":["为什么是这张照片！","照片这么丑可以换么？"]}}