[
  "2019春季学期",
  [
    {
      "title": "3月",
      "icon": "/function/icon/schedule.svg",
      "text": "学生报到时间：2019年3月4日\n\n补考、免修、缓考考试\n\n交流生成绩认定\n\n英语成绩免修与认证\n\n四六级考试网上报名\n\n课程退补选工作\n\n在校生学籍学期注册\n\n毕业（结业、肄业）申请\n\n普通话测试报名"
    },
    {
      "title": "4月",
      "icon": "/function/icon/schedule.svg",
      "text": "教师资格证报名与体检\n\n毕业年级学生成绩认定\n\n英语听力考试\n\n毕业资格初审\n\n大一、大二在校生转专业\n\n毕业图像信息采集（2020届）"
    },
    {
      "title": "5月",
      "icon": "/function/icon/schedule.svg",
      "text": "五一放假日期：5月1日至5月4日\n\n普通话测试\n\n教师资格证材料审核\n\n四六级口语考试\n\n5月25日 春季运动会\n\n毕业审核学校复审\n\n学生转学工作办理"
    },
    {
      "title": "6月",
      "icon": "/function/icon/schedule.svg",
      "text": "英语听力考试\n\n四六级笔试考试\n\n学生选课\n\n毕业证书、学位证书制作与发放(第一批)\n\n校际交流生选派与接收"
    },
    {
      "title": "7月",
      "icon": "/function/icon/schedule.svg",
      "text": "毕业证书、学位证书制作与发放(第二批)\n\n毕业生学历数据注册、学位数据备案\n\n期末考试\n\n7月12日放假"
    }
  ]
]
