{"about/enroll":{"keywords":["学费","招生"],"title":"本科2019年招生专业","desc":["本部各学院与其招生专业","净月各学院与其招生专业"]},"about/punish":{"keywords":["校规","校纪"],"title":"关于处分","desc":["收到处分的后果","常见违纪现象","相关文件"]},"about/QQGroup":{"keywords":["QQ群"],"title":"新生群一览","desc":["东北师范大学 20 官方新生群","各学院官方迎新群"]},"account/authorize":{"keywords":["校园网账号","密码"],"title":"统一身份认证","desc":["获得账号(邮箱)","修改密码及密保绑定","使用统一身份认证登录"]},"apartment/index":{"keywords":["部门"],"title":"学校机构说明","desc":[]},"apartment/psychology":{"keywords":["心理健康","心理咨询","情感","心理"],"title":"学生心理健康教育中心","desc":["学生心理健康教育中心简介","心理咨询服务安排"]},"apartment/student":{"keywords":["学生工作部","学生处","学工部"],"title":"党委学生工作部","desc":["工作理念","机构设置"]},"apartment/office":{"keywords":["校办","盖章"],"title":"学校办公室","desc":["工作职能","机构设置"]},"apartment/youthLeague":{"keywords":["校团委","扬思网","B16","团委章"],"title":"校团委","desc":["机构设置","工作职能","官网","办事流程","相关文件"]},"apartment/logistics":{"keywords":["后勤","报修","维修","班车","校车"],"title":"后勤管理处","desc":["机构设置","相关文件"]},"apartment/hospital/index":{"keywords":["急诊","生病","看病"],"title":"校医院","desc":[]},"apartment/defend":{"keywords":["保卫处"],"title":"保卫科","desc":["简介"]},"card/perpare":{"keywords":["校园卡使用","校园卡激活"],"title":"新卡使用前准备","desc":["激活生活用水","修改密码"]},"card/lost":{"keywords":["补卡","补办卡","丢失卡","卡遗失","卡挂失"],"title":"校园卡丢失","desc":["补卡费用","关于补办的卡"]},"card/office":{"keywords":["信息化办"],"title":"信息化办","desc":["地址"]},"card/malfunction":{"keywords":["校园卡故障"],"title":"常见故障及解决办法","desc":["无法正常使用生活用水","无法正常使用直饮水机","洗浴不出水报错","无法在食堂或超市刷卡"]},"card/photo":{"keywords":["校园卡照片"],"title":"为何照片这么丑","desc":["为什么是这张照片！","照片这么丑可以换么？"]},"card/function":{"keywords":["校园卡功能"]},"card/protect":{"keywords":["卡套"],"title":"爱护校园卡","desc":["保护"]},"card/charge":{"keywords":["圈存","充值","支付宝","微信"],"title":"校园卡充值","desc":["向校园卡储值"]},"check/locate":{"keywords":["专业分布","校区"],"title":"认准校区校门","desc":["本部校区院系专业","净月校区院系专业","注意事项","校区地址"]},"check/arrival/index":{"keywords":["导航"],"title":"如何到达自己的校区","desc":[]},"check/necessity":{"keywords":["被褥","床垫","照片"],"title":"各类物品","desc":["证件材料类","学习用品","生活用品","其他工具类","饮食相关类","床上用品类","宿舍神器类","是否需要带电脑","违禁物品"]},"check/flow":{"keywords":["报道流程"],"title":"报到流程","desc":["大体流程","报到当天来","因故不能按时报到"]},"check/pay":{"keywords":["缴费","学费","学子卡","银行卡"],"title":"缴费相关","desc":["报道时不缴费！"]},"check/green-channel":{"keywords":["绿色通道","贫困","经济困难"],"title":"绿色通道","desc":["申请流程"]},"check/medical-examination":{"keywords":["体检"],"title":"入学体检","desc":["体检注意事项","体检时间"]},"check/guard":{"keywords":["防诈骗","防盗","防骗"],"title":"防盗防骗攻略","desc":[]},"check/benbu":{"keywords":["本部简介"],"title":"本部校区校门","desc":["本部校区图","本部正门","本部东北门(动植物园对面)","本部北门(东师会馆、幼儿园旁)","本部摆台示意图"]},"check/jingyue":{"keywords":["净月简介"],"title":"净月校区校门","desc":["净月校区图","净月东门","净月北门(雕塑门)"]},"dorm/benbu":{"keywords":["三舍A","三舍B","三舍C"],"title":"本部校区","desc":["本部校区寝室分布"]},"dorm/jingyue":{"keywords":["春华","夏华","秋华","光华","日华","天华","地华"],"title":"净月校区","desc":["净月校区公寓分布"]},"dorm/detail":{"keywords":["阳台"],"title":"室内布局","desc":["室内大体布概况","晾衣服","空调与暖气","网线插口","卫浴"]},"dorm/public":{"keywords":["吹风机","洗衣机","直饮水机"],"title":"公共设施","desc":["洗漱区","卫生间","其他设施","自习室","电梯"]},"dorm/door":{"keywords":["门禁","封寝"],"title":"宿舍开门时间","desc":["本部校区","净月校区"]},"FAQ/fellow-group":{"keywords":["QQ群"],"title":"老乡群","desc":["东北师范大学老乡群"]},"network/wlan":{"keywords":["WIFI"],"title":"无线上网(Wifi)","desc":["联网步骤","覆盖范围","无线网优势"]},"network/fee":{"keywords":["网费"],"title":"校园网计费","desc":["认证方式","校园网价格","校园网缴费方式"]},"study/english/intro":{"keywords":["DET"],"title":"英语课程说明","desc":["课程设置","考试以及成绩计算","更多详情"]},"about/index":{"title":"学校概况","desc":[]},"about/major-rank":{"title":"专业排名","desc":["专业排名"]},"about/rank":{"title":"东师排名","desc":["东师排名","关于ESI"]},"account/Android":{"title":"安卓邮件客户端设置","desc":[]},"account/index":{"title":"统一身份认证","desc":[]},"account/iOS":{"title":"iOS邮件客户端设置","desc":[]},"account/mail":{"title":"校园邮箱","desc":["登陆地址","客户端设置"]},"apartment/hospital/attention":{"title":"注意事项","desc":["就诊须知","住院须知"]},"apartment/hospital/department":{"title":"科室介绍","desc":["眼科","口腔科","门诊处置室","放射线科","耳鼻喉科","内科疗区","透析科"]},"apartment/hospital/floor":{"title":"校医院楼层分布","desc":["楼层分布"]},"apartment/hospital/handbook":{"title":"补办公费医疗手册","desc":["个人补办公费医疗手册的办理流程及说明","相关文件"]},"apartment/hospital/intro":{"title":"校医院","desc":["医院概况"]},"apartment/hospital/phone":{"title":"校医院联系方式","desc":["行政联系方式","医务联系方式","社区服务","净月卫生所","其他"]},"association/5A":{"title":"5A职业发展协会","desc":["社团简介","社团日常工作","部门简介"]},"association/astronomy":{"title":"天宇协会","desc":[]},"association/guitar":{"title":"青音吉他社","desc":[]},"association/index":{"title":"社团","desc":[]},"association/joinin":{"title":"卓音网络工作室","desc":[]},"association/news-group":{"title":"大学生记者团","desc":[]},"association/NISA":{"title":"国协","desc":["协会简介","部门简介","协会活动"]},"association/shishuoquyi":{"title":"师说曲艺社","desc":[]},"association/technology":{"title":"科技爱好者协会","desc":[]},"association/update":{"title":"更新中","desc":["更新中"]},"association/Vdream":{"title":"V·梦创新创业协会","desc":[]},"card/index":{"title":"校园卡","desc":[]},"card/intro":{"title":"校园卡","desc":["校园卡说明","主要功能","消费限额"]},"card/terminal":{"title":"自助终端机","desc":["校园卡自助终端机介绍","自助终端机位置","现金充值机位置"]},"check/index":{"title":"报到","desc":[]},"check/location-and-time":{"title":"报到时间地点","desc":["报到(接待)时间","报到(接待)地点"]},"check/others":{"title":"其他注意事项","desc":["团组织关系","户口迁移","其他","保险费"]},"check/arrival/pickup":{"title":"接站","desc":["接站地点","接站标志","接站时间"]},"check/arrival/taxi":{"title":"打车提示","desc":["关于出租车","关于目的地"]},"check/arrival/plane/benbu":{"title":"坐飞机-到本部","desc":["动车-其他(最优)","机场巴士-公交","打车"]},"check/arrival/plane/index":{"title":"坐飞机到校","desc":["先乘坐动车到长春站(最优)"]},"check/arrival/plane/jingyue":{"title":"坐飞机-到净月","desc":["动车-其他(最优推荐)","打车","机场大巴-公交"]},"check/arrival/train/benbu":{"title":"长春站-到本部","desc":[]},"check/arrival/train/benbu2":{"title":"长春西站-到本部","desc":["地铁(推荐)","公交","有轨电车-公交","打车"]},"check/arrival/train/index":{"title":"坐火车到校","desc":["长春站","长春西站"]},"check/arrival/train/jingyue":{"title":"长春站-到净月","desc":["地铁-轻轨","公交","打车","轻轨"]},"check/arrival/train/jingyue2":{"title":"长春西站-到净月","desc":["轨道交通换乘(推荐)","公交-轻轨","有轨电车-轻轨","打车"]},"course/advice":{"title":"Mr.Hope 的建议","desc":["来自 Mr.Hope 的建议"]},"course/change-major":{"title":"转专业实施办法及注意事项","desc":["本科生转专业实施办法","各专业准入细则"]},"course/develop":{"title":"发展方向课程","desc":["简介","更多"]},"course/double-degree":{"title":"双学位与辅修方法","desc":["东师可以双学位或者辅修么","为什么不推荐","总结"]},"course/flow":{"title":"选课流程","desc":["第一阶段：预选"," 第二阶段：正选"," 第三阶段：退补选"]},"course/index":{"title":"课程","desc":[]},"course/plan":{"title":"课程计划","desc":["课程计划","课程表","2015 版总课程计划","各学院课程计划"]},"course/professional":{"title":"专业教育课程","desc":["简介","学科基础课","专业主干课","专业实习 / 教育实习与毕业论文 / 毕业设计","专业系列课"]},"course/select":{"title":"选课内容","desc":["课程类型","关于选修课","选/注课原则","选课参照"]},"course/skill":{"title":"选课技巧","desc":["天时地利人和","关于预选","关于正选","关于退补选"]},"course/system":{"title":"选课系统","desc":[" 选课系统登录方式"]},"course/general/communicate":{"title":"交流表达与信息素养","desc":["学分","课程介绍","课程与对应的教材、学期与学分","更多详情"]},"course/general/elective":{"title":"通识选修课程","desc":["学分","课程介绍","来自 Mr.Hope 的解释"]},"course/general/index":{"title":"通识教育课程","desc":["通识教育课程"]},"course/general/math":{"title":"数学与逻辑","desc":["学分","课程介绍","来自 Mr.Hope 的解释"]},"course/general/pe":{"title":"体育与国防教育","desc":["学分","课程介绍","课程与对应的教材、学期与学分"]},"course/general/politics":{"title":"思想政治教育","desc":["学分","课程介绍","课程与对应的教材、学期与学分","课程考试形式","来自 Mr.Hope 的解释"]},"dining/dining-1":{"title":"一食堂","desc":["一楼","二楼","三楼"]},"dining/dining-2":{"title":"二食堂","desc":["一楼","二楼","三楼(营业时间：6:00-22:00)"]},"dining/index":{"title":"食堂","desc":[]},"dining/beiyuan/basic":{"title":"北苑一楼","desc":["基本餐","Mr.Hope个人评价"]},"dining/beiyuan/index":{"title":"北苑餐厅","desc":[]},"dining/beiyuan/muslim":{"title":"北苑清真餐厅","desc":["清真食堂"]},"dining/beiyuan/special":{"title":"北苑特色档口","desc":["一楼南侧","二楼南侧"]},"dining/festival/benbu":{"title":"本部美食节","desc":["北苑","南苑"]},"dining/festival/jingyue":{"title":"净月美食节","desc":[]},"dining/nanyuan/index":{"title":"南苑餐厅","desc":["一楼——特色档口","二楼——基本餐","三楼"]},"dorm/day-reading":{"title":"走读与调宿","desc":["住宿规定","调整寝室","校外居住"]},"dorm/electricity":{"title":"宿舍供电","desc":["供电时间","限电额度","注意事项"]},"dorm/index":{"title":"寝室","desc":[]},"dorm/network":{"title":"宿舍供网","desc":["供网时间"]},"dorm/washer":{"title":"洗衣机使用方法","desc":["插卡前请确认","插卡消费说明","如何插卡","失误了怎么办"]},"exam/CET":{"title":"四六级(CET)","desc":["笔试时间","考试内容","评分标准","报名","相关查询","口试"]},"exam/grading-exam":{"title":"分班考试","desc":["考试内容","关于分班"]},"exam/index":{"title":"考试","desc":[]},"exam/NCRE/intro":{"title":"计算机等级考试说明","desc":[]},"exam/NCRE/NCRE2":{"title":"计算机二级","desc":["考试科目","考核内容","考试分数及通过条件","题型及分值比例","考试环境及使用的软件"]},"exam/NCRE/NCRE3":{"title":"计算机三级","desc":["考试科目","考核内容","题型及分值比例","考试环境及使用的软件"]},"exam/NCRE/NCRE4":{"title":"计算机四级","desc":["考试科目","考核内容","题型及分值比例","考试环境及使用的软件"]},"exam/physical-examination/exempt":{"title":"申请免测/缓测","desc":["免测","缓测","大学公共体育教研室"]},"exam/physical-examination/explain":{"title":"测试成绩说明","desc":["体重指数","毕业时成绩的评定","体测未通过的后果"]},"exam/physical-examination/intro":{"title":"体测简介","desc":["及格分数","体测时间安排","体测测试项目及权重","相关要求","缓考","Nr.Hope 的友情提示"]},"exam/physical-examination/score":{"title":"测试项目评分表","desc":["体重指数(BMI)评分表","男生评分表","女生评分表","加分表"]},"FAQ/admission-notice":{"title":"录取通知书","desc":["录取通知书内容","学号"]},"FAQ/beginning-course":{"title":"课程学习","desc":["易班网2019新生注册认证","课程学习流程"]},"FAQ/check-in-time":{"title":"报道时间","desc":["我可以什么时候到","可以早到么","其他事项"]},"FAQ/counselor":{"title":"导员姓名与联系方式","desc":["本部","净月"]},"FAQ/first-day":{"title":"大学第一天","desc":["来到学校","办理入学和住宿手续","生活准备"]},"FAQ/index":{"title":"新生问答","desc":[]},"FAQ/yiban":{"title":"易班注册流程","desc":["Web端注册认证流程","客户端注册认证流程"]},"FAQ/military-training/detail":{"title":"新生军训","desc":["军训时间安排","军训内容","着装要求","准备物品","军训伙食","防晒","贴心建议","浴池时间","衣服能干么","军训时晕倒","关于评优"]},"FAQ/military-training/intro":{"title":"军训","desc":["关于军训","无法进行军训？"]},"library/borrow-flow":{"title":"借阅流程","desc":["普通借阅流程","远程借阅介绍","远程借阅工作台位置及咨询电话","图书馆远程借阅服务说明"]},"library/borrow":{"title":"借书权限","desc":["借书权限","注意事项"]},"library/digit-room":{"title":"电子阅览室","desc":["位置"]},"library/distribution":{"title":"馆藏分布","desc":["本部校区","净月校区","图书馆馆藏分布"]},"library/door":{"title":"图书馆开门时间","desc":["本部校区","田家炳楼","净月校区"]},"library/floor":{"title":"图书馆楼层平面图","desc":["本部平面图","净月平面图"]},"library/index":{"title":"图书馆","desc":[]},"library/intro":{"title":"图书馆简介","desc":[]},"library/scene":{"title":"图书馆风貌","desc":["本部校区","净月校区"]},"library/search":{"title":"书目检索","desc":["OPAC 使用指南","已借资料的查询与续借"]},"library/service":{"title":"其他服务","desc":["第一学习空间","WIFI","研究生厢","存包柜"]},"life/atm":{"title":"ATM机","desc":["ATM机位置"]},"life/bath":{"title":"洗浴","desc":["本部","净月","校外浴池"]},"life/card":{"title":"公交卡与地铁卡","desc":["办理IC卡","办理地铁卡"]},"life/haircut":{"title":"理发","desc":["本部","净月"]},"life/hostpital":{"title":"就医","desc":["校医院","校外医院"]},"life/index":{"title":"生活","desc":[]},"life/photo":{"title":"照相","desc":[]},"life/print":{"title":"打印","desc":["本部","净月"]},"life/shop":{"title":"超市","desc":["本部","本部校外"]},"life/ad/GR-haircut":{"title":"G·R 美发沙龙","desc":["理发价格","店铺环境"]},"life/express/benbu":{"title":"本部校区快递","desc":["学校(邮寄)地址","邮编","菜鸟驿站"]},"life/express/index":{"title":"快递","desc":[]},"life/express/jingyue":{"title":"净月快递","desc":["邮寄地址","邮编","快递中心","校园外快递中心","中医药大学北门点","其他","净月校区各生活点位置"]},"life/nearby/benbu":{"title":"本部周边","desc":["桂林路","红旗街","重庆路","文昌路","欧亚商都"]},"life/nearby/index":{"title":"校园周边","desc":[]},"life/nearby/jingyue":{"title":"净月周边","desc":["迅驰广场","后街","摩天活力城"]},"network/index":{"title":"校园网","desc":[]},"network/lan":{"title":"有线上网","desc":[]},"organization/art-ensemble":{"title":"大学生艺术团","desc":[]},"organization/association-union":{"title":"学生社团联合会","desc":[]},"organization/career-center":{"title":"大学生创业中心","desc":[]},"organization/graduate-association":{"title":"研究生会","desc":[]},"organization/hongzhu":{"title":"红烛志愿者协会","desc":[]},"organization/hope":{"title":"厚普公益学校","desc":[]},"organization/index":{"title":"学生组织","desc":[]},"organization/marxism":{"title":"青马学会","desc":[]},"organization/new-media-center":{"title":"校学生会新媒体中心","desc":[]},"organization/newspaper-office":{"title":"《东师青年》报社","desc":[]},"organization/radio-station":{"title":"“东师之声”校园广播站","desc":["纳新简介","组织简介"]},"organization/sport-club":{"title":"大学生体育俱乐部","desc":[]},"organization/student-union":{"title":"学生会","desc":[]},"sim/index":{"title":"校园卡政策对比","desc":[]},"sim/mobile":{"title":"移动卡政策","desc":["38 元不限量","49元 全国不限量","19元流量神卡"]},"sim/telecom":{"title":"电信卡政策","desc":["39元不限量","49元不限量"]},"sim/unicom":{"title":"联通卡政策","desc":["沃冰卡","地王卡"]},"study/credit":{"title":"学分","desc":["学分介绍","学分的计算","学分的获得","学分需求","补考"]},"study/gpa":{"title":"绩点","desc":["绩点介绍","课程绩点算法","平均学分绩点"]},"study/grade":{"title":"成绩单与成绩档案","desc":["用途","内容与区别","例子","注意"]},"study/index":{"title":"学习","desc":[]},"study/location-and-time":{"title":"上课时间","desc":["上课时间","上课地点"]},"study/net-course":{"title":"网络课程","desc":["介绍","特点","相关手册"]},"study/PE":{"title":"体育课说明","desc":["课程内容设置","给分标准","校园跑","选课建议"]},"study/running":{"title":"校园跑","desc":["介绍","考查方式","注意事项"]},"study/english/DET":{"title":"DET","desc":["测试对象","报名方式","考场查询","相关要求"]},"study/english/exemption":{"title":"英语免修评定","desc":["申请条件","申请方法"]},"study/english/index":{"title":"英语课程","desc":[]},"study/scholarship/explain":{"title":"特殊说明","desc":["特殊说明"]},"study/scholarship/intro":{"title":"类型及评定时间","desc":["类型","评定时间","相关文件"]},"subsidize/application":{"title":"申请流程","desc":["资助申请流程","资助对象申请流程","勤工助学岗位申请流程"]},"subsidize/index":{"title":"资助","desc":[]},"subsidize/intro":{"title":"学生资助机构","desc":["学生资助管理中心","下属机构","学生资助工作组"]},"traffic/index":{"title":"交通","desc":["本部净月往返","本部/净月-火车站","本部/净月-飞机","本部/净月-主要商业圈"]},"traffic/open-time":{"title":"轨道交通运营地点及时间","desc":["本部净月往返","制作中..."]}}