{"about/enroll":{"keywords":["学费","招生"]},"about/punish":{"keywords":["校规","校纪"]},"about/QQGroup":{"keywords":["QQ群"]},"account/authorize":{"keywords":["校园网账号","密码"]},"apartment/index":{"keywords":["部门"]},"apartment/psychology":{"keywords":["心理健康","心理咨询","情感","心理"]},"apartment/student":{"keywords":["学生工作部","学生处","学工部"]},"apartment/office":{"keywords":["校办","盖章"]},"apartment/youthLeague":{"keywords":["校团委","扬思网","B16","团委章"]},"apartment/logistics":{"keywords":["后勤","报修","维修","班车","校车"]},"apartment/hospital/index":{"keywords":["急诊","生病","看病"]},"apartment/defend":{"keywords":["保卫处"]},"card/perpare":{"keywords":["校园卡使用","校园卡激活"]},"card/lost":{"keywords":["补卡","补办卡","丢失卡","卡遗失","卡挂失"]},"card/office":{"keywords":["信息化办"]},"card/malfunction":{"keywords":["校园卡故障"]},"card/photo":{"keywords":["校园卡照片"]},"card/function":{"keywords":["校园卡功能"]},"card/protect":{"keywords":["卡套"]},"card/charge":{"keywords":["圈存","充值","支付宝","微信"]},"check/locate":{"keywords":["专业分布","校区"]},"check/arrival/index":{"keywords":["导航"]},"check/necessity":{"keywords":["被褥","床垫","照片"]},"check/flow":{"keywords":["报道流程"]},"check/pay":{"keywords":["缴费","学费","学子卡","银行卡"]},"check/green-channel":{"keywords":["绿色通道","贫困","经济困难"]},"check/medical-examination":{"keywords":["体检"]},"check/guard":{"keywords":["防诈骗","防盗","防骗"]},"check/benbu":{"keywords":["本部简介"]},"check/jingyue":{"keywords":["净月简介"]},"dorm/benbu":{"keywords":["三舍A","三舍B","三舍C"]},"dorm/jingyue":{"keywords":["春华","夏华","秋华","光华","日华","天华","地华"]},"dorm/detail":{"keywords":["阳台"]},"dorm/public":{"keywords":["吹风机","洗衣机","直饮水机"]},"dorm/door":{"keywords":["门禁","封寝"]},"FAQ/fellow-group":{"keywords":["QQ群"]},"network/wlan":{"keywords":["WIFI"]},"network/fee":{"keywords":["网费"]},"study/english/intro":{"keywords":["DET"]},"resource/guide/about/enroll":{"title":"本科2019年招生专业","desc":["各学院招生专业"]},"resource/guide/about/index":{"title":"学校概况","desc":[]},"resource/guide/about/punish":{"title":"关于处分","desc":["收到处分的后果","常见违纪现象"]},"resource/guide/about/QQGroup":{"title":"新生群一览","desc":["东北师范大学19官方新生群","各学院官方迎新群"]},"resource/guide/account/Android":{"title":"安卓邮件客户端设置","desc":[]},"resource/guide/account/authorize":{"title":"统一身份认证","desc":["获得账号(邮箱)","修改密码及密保绑定","使用统一身份认证登录"]},"resource/guide/account/index":{"title":"统一身份认证","desc":[]},"resource/guide/account/iOS":{"title":"iOS邮件客户端设置","desc":[]},"resource/guide/account/mail":{"title":"校园邮箱","desc":["登陆地址","客户端设置"]},"resource/guide/apartment/defend":{"title":"保卫科","desc":["简介"]},"resource/guide/apartment/index":{"title":"学校机构说明","desc":[]},"resource/guide/apartment/logistics":{"title":"后勤管理处","desc":["机构设置","相关文件"]},"resource/guide/apartment/office":{"title":"学校办公室","desc":["工作职能","机构设置"]},"resource/guide/apartment/psychology":{"title":"学生心理健康教育中心","desc":["学生心理健康教育中心简介","心理咨询服务安排"]},"resource/guide/apartment/student":{"title":"党委学生工作部","desc":["工作理念","机构设置"]},"resource/guide/apartment/youthLeague":{"title":"校团委","desc":["机构设置","工作职能","官网","办事流程","相关文件"]},"resource/guide/apartment/hospital/attention":{"title":"注意事项","desc":["就诊须知","住院须知"]},"resource/guide/apartment/hospital/department":{"title":"科室介绍","desc":["眼科","口腔科","门诊处置室","放射线科","耳鼻喉科","内科疗区","透析科"]},"resource/guide/apartment/hospital/floor":{"title":"校医院楼层分布","desc":["楼层分布"]},"resource/guide/apartment/hospital/handbook":{"title":"补办公费医疗手册","desc":["个人补办公费医疗手册的办理流程及说明","相关文件"]},"resource/guide/apartment/hospital/index":{"title":"校医院","desc":[]},"resource/guide/apartment/hospital/intro":{"title":"校医院","desc":["医院概况"]},"resource/guide/apartment/hospital/phone":{"title":"校医院联系方式","desc":["行政联系方式","医务联系方式","社区服务","净月卫生所","其他"]},"resource/guide/association/5A":{"title":"5A职业发展协会","desc":["社团简介","社团日常工作","部门简介"]},"resource/guide/association/astronomy":{"title":"天宇协会","desc":[]},"resource/guide/association/guitar":{"title":"青音吉他社","desc":[]},"resource/guide/association/index":{"title":"社团","desc":[]},"resource/guide/association/joinin":{"title":"卓音网络工作室","desc":[]},"resource/guide/association/news-group":{"title":"大学生记者团","desc":[]},"resource/guide/association/NISA":{"title":"国协","desc":["协会简介","部门简介","协会活动"]},"resource/guide/association/shishuoquyi":{"title":"师说曲艺社","desc":[]},"resource/guide/association/technology":{"title":"科技爱好者协会","desc":[]},"resource/guide/association/update":{"title":"更新中","desc":["更新中"]},"resource/guide/association/Vdream":{"title":"V·梦创新创业协会","desc":[]},"resource/guide/card/charge":{"title":"校园卡充值","desc":["向校园卡储值"]},"resource/guide/card/function":{"title":"校园卡功能","desc":["主要功能"]},"resource/guide/card/index":{"title":"校园卡","desc":[]},"resource/guide/card/lost":{"title":"校园卡丢失","desc":[]},"resource/guide/card/malfunction":{"title":"常见故障及解决办法","desc":["无法正常使用生活用水","无法正常使用直饮水机","洗浴不出水报错","无法在食堂或超市刷卡"]},"resource/guide/card/office":{"title":"信息化办","desc":[]},"resource/guide/card/perpare":{"title":"新卡使用前准备","desc":["激活生活用水","修改密码"]},"resource/guide/card/photo":{"title":"为何照片这么丑","desc":["为什么是这张照片！","照片为什么丑的不像话？","照片这么丑可以换么？"]},"resource/guide/card/protect":{"title":"爱护校园卡","desc":[]},"resource/guide/card/terminal":{"title":"自助终端机","desc":["校园卡自助终端机介绍","自助终端机位置","现金充值机位置"]},"resource/guide/check/benbu":{"title":"本部校区校门","desc":["本部校区图","本部正门","本部东北门(动植物园对面)","本部北门(东师会馆、幼儿园旁)","本部摆台示意图"]},"resource/guide/check/flow":{"title":"报到流程","desc":["大体流程","报到当天来","因故不能按时报到"]},"resource/guide/check/green-channel":{"title":"绿色通道","desc":["申请流程"]},"resource/guide/check/guard":{"title":"防盗防骗攻略","desc":[]},"resource/guide/check/index":{"title":"报到","desc":[]},"resource/guide/check/jingyue":{"title":"净月校区校门","desc":["净月校区图","净月东门","净月北门(雕塑门)"]},"resource/guide/check/locate":{"title":"认准校区校门","desc":["本部校区院系专业","净月校区院系专业","注意事项","校区地址"]},"resource/guide/check/location-and-time":{"title":"报到时间地点","desc":["报到(接待)时间","报到(接待)地点"]},"resource/guide/check/medical-examination":{"title":"入学体检","desc":["体检注意事项","体检时间"]},"resource/guide/check/necessity":{"title":"各类物品","desc":["证件材料类","学习用品","生活用品","其他工具类","饮食相关类","床上用品类","宿舍神器类","是否需要带电脑","违禁物品"]},"resource/guide/check/others":{"title":"其他注意事项","desc":["团组织关系","户口迁移","其他","保险费"]},"resource/guide/check/pay":{"title":"缴费相关","desc":["报道时不缴费！"]},"resource/guide/check/arrival/index":{"title":"如何到达自己的校区","desc":[]},"resource/guide/check/arrival/pickup":{"title":"接站","desc":["接站地点","接站标志","接站时间"]},"resource/guide/check/arrival/taxi":{"title":"打车提示","desc":["关于出租车","关于目的地"]},"resource/guide/check/arrival/plane/benbu":{"title":"坐飞机-到本部","desc":["动车-其他(最优)","机场巴士-公交","打车"]},"resource/guide/check/arrival/plane/index":{"title":"坐飞机到校","desc":["先乘坐动车到长春站(最优)"]},"resource/guide/check/arrival/plane/jingyue":{"title":"坐飞机-到净月","desc":["动车-其他(最优推荐)","打车","机场大巴-公交"]},"resource/guide/check/arrival/train/benbu":{"title":"长春站-到本部","desc":[]},"resource/guide/check/arrival/train/benbu2":{"title":"长春西站-到本部","desc":["地铁(推荐)","公交","有轨电车-公交","打车"]},"resource/guide/check/arrival/train/index":{"title":"坐火车到校","desc":["长春站","长春西站"]},"resource/guide/check/arrival/train/jingyue":{"title":"长春站-到净月","desc":["地铁-轻轨","公交","打车","轻轨"]},"resource/guide/check/arrival/train/jingyue2":{"title":"长春西站-到净月","desc":["轨道交通换乘(推荐)","公交-轻轨","有轨电车-轻轨","打车"]},"resource/guide/course/calculate":{"title":"绩点计算方法","desc":["绩点介绍","课程学分绩点算法","平均学分绩点：","与学分的区别："]},"resource/guide/course/change-major":{"title":"转专业实施办法及注意事项","desc":["本科生转专业实施办法","各专业准入细则"]},"resource/guide/course/develop":{"title":"发展方向课程","desc":["简介"]},"resource/guide/course/double-degree":{"title":"双学位与辅修方法","desc":["东师可以双学位或者辅修么","为什么不推荐","总结"]},"resource/guide/course/flow":{"title":"选课流程","desc":["第一阶段：预选"," 第二阶段：正选"," 第三阶段：退补选"]},"resource/guide/course/general":{"title":"通识教育课程","desc":[" 通识教育课程"," 思想政治教育"," 体育与国防教育","交流表达与信息素养"," 数学与逻辑","通识选修课程"]},"resource/guide/course/index":{"title":"课程","desc":[]},"resource/guide/course/major-rank":{"title":"专业排名","desc":["专业排名"]},"resource/guide/course/plan":{"title":"课程计划","desc":["2015版总课程计划","教育学部","政法学院","经济学院","商学院","文学院","历史文化学院","外国语学院","音乐学院","美术学院","数学与统计学院","计算机科学与信息技术学院","信息与软件工程学院","物理学院","化学学院","生命科学学院","地理科学学院","心理学院","环境学院","体育学院","传媒科学学院","马克思主义学部","国际汉学院(海外教育学院)","纽瓦克学院"]},"resource/guide/course/professional":{"title":"专业教育课程","desc":["简介","学科基础课","专业主干课","专业实习/教育实习与毕业论文/毕业设计","专业系列课"]},"resource/guide/course/rank":{"title":"东师排名","desc":[" 东师排名","关于ESI"]},"resource/guide/course/select":{"title":"选课内容","desc":[" 课程类型"," 关于选修课","选/注课原则"," 选课参照"]},"resource/guide/course/skill":{"title":"选课技巧","desc":["天时地利人和","关于预选","关于正选","关于退补选"]},"resource/guide/course/system":{"title":"选课系统","desc":[" 选课系统登录方式"]},"resource/guide/dining/dining-1":{"title":"一食堂","desc":["一楼","二楼","三楼"]},"resource/guide/dining/dining-2":{"title":"二食堂","desc":["一楼","二楼","三楼(营业时间：6:00-22:00)"]},"resource/guide/dining/index":{"title":"食堂","desc":[]},"resource/guide/dining/beiyuan/basic":{"title":"北苑一楼","desc":["基本餐","Mr.Hope个人评价"]},"resource/guide/dining/beiyuan/index":{"title":"北苑餐厅","desc":[]},"resource/guide/dining/beiyuan/muslim":{"title":"北苑清真餐厅","desc":["清真食堂"]},"resource/guide/dining/beiyuan/special":{"title":"北苑特色档口","desc":["一楼南侧","二楼南侧"]},"resource/guide/dining/festival/benbu":{"title":"本部美食节","desc":["北苑","南苑"]},"resource/guide/dining/festival/jingyue":{"title":"净月美食节","desc":[]},"resource/guide/dining/nanyuan/index":{"title":"南苑餐厅","desc":["一楼——特色档口","二楼——基本餐","三楼"]},"resource/guide/dorm/benbu":{"title":"本部校区","desc":["本部校区寝室分布"]},"resource/guide/dorm/day-reading":{"title":"走读与调宿","desc":["住宿规定","调整寝室","校外居住"]},"resource/guide/dorm/detail":{"title":"室内布局","desc":["室内大体布概况","晾衣服","空调与暖气","网线插口","卫浴"]},"resource/guide/dorm/door":{"title":"宿舍开门时间","desc":["本部校区","净月校区"]},"resource/guide/dorm/electricity":{"title":"宿舍供电","desc":["供电时间","限电额度","注意事项"]},"resource/guide/dorm/index":{"title":"寝室","desc":[]},"resource/guide/dorm/jingyue":{"title":"净月校区","desc":["净月校区公寓分布"]},"resource/guide/dorm/network":{"title":"宿舍供网","desc":["供网时间"]},"resource/guide/dorm/public":{"title":"公共设施","desc":["洗漱区","卫生间","其他设施","自习室","电梯"]},"resource/guide/dorm/washer":{"title":"洗衣机使用方法","desc":["插卡前请确认","插卡消费说明","如何插卡","失误了怎么办"]},"resource/guide/exam/CET":{"title":"四六级(CET)","desc":["笔试时间","考试内容","评分标准","报名","相关查询","口试"]},"resource/guide/exam/DET":{"title":"东北师范大学英语水平测试","desc":["测试对象","报名方式","考场查询","相关要求"]},"resource/guide/exam/grading-exam":{"title":"英语分班考试","desc":["考试内容","关于分班"]},"resource/guide/exam/index":{"title":"考试","desc":[]},"resource/guide/exam/NCRE/intro":{"title":"计算机等级考试说明","desc":[]},"resource/guide/exam/NCRE/NCRE2":{"title":"计算机二级","desc":["考试科目","考核内容","考试分数及通过条件","题型及分值比例","考试环境及使用的软件"]},"resource/guide/exam/NCRE/NCRE3":{"title":"计算机三级","desc":["考试科目","考核内容","题型及分值比例","考试环境及使用的软件"]},"resource/guide/exam/NCRE/NCRE4":{"title":"计算机四级","desc":["考试科目","考核内容","题型及分值比例","考试环境及使用的软件"]},"resource/guide/exam/physical-examination/exempt":{"title":"申请免测/缓测","desc":["免测","缓测"]},"resource/guide/exam/physical-examination/explain":{"title":"测试成绩说明","desc":["体重指数","毕业时成绩的评定","体测未通过的后果"]},"resource/guide/exam/physical-examination/intro":{"title":"体测简介","desc":["及格分数","体测时间安排","体测测试项目及权重","相关要求"]},"resource/guide/exam/physical-examination/score":{"title":"测试项目评分表","desc":["体重指数(BMI)评分表","男生评分表","女生评分表","加分表"]},"resource/guide/FAQ/admission-notice":{"title":"录取通知书","desc":["录取通知书内容","学号"]},"resource/guide/FAQ/beginning-course":{"title":"课程学习","desc":["易班网2019新生注册认证","课程学习流程"]},"resource/guide/FAQ/check-in-time":{"title":"报道时间","desc":["我可以什么时候到","可以早到么","其他事项"]},"resource/guide/FAQ/counselor":{"title":"导员姓名与联系方式","desc":["本部","净月"]},"resource/guide/FAQ/fellow-group":{"title":"老乡群","desc":["东北师范大学老乡群"]},"resource/guide/FAQ/first-day":{"title":"大学第一天","desc":["来到学校","办理入学和住宿手续","生活准备"]},"resource/guide/FAQ/index":{"title":"新生问答","desc":[]},"resource/guide/FAQ/yiban":{"title":"易班注册流程","desc":["Web端注册认证流程","客户端注册认证流程"]},"resource/guide/FAQ/military-training/detail":{"title":"新生军训","desc":["军训时间安排","军训内容","着装要求","准备物品","军训伙食","防晒","贴心建议","浴池时间","衣服能干么","军训时晕倒","关于评优"]},"resource/guide/FAQ/military-training/intro":{"title":"军训","desc":["关于军训","无法进行军训？"]},"resource/guide/library/borrow-flow":{"title":"借阅流程","desc":["普通借阅流程","远程借阅介绍","远程借阅工作台位置及咨询电话","图书馆远程借阅服务说明"]},"resource/guide/library/borrow":{"title":"借书权限","desc":["借书权限","注意事项"]},"resource/guide/library/digit-room":{"title":"电子阅览室","desc":["位置"]},"resource/guide/library/distribution":{"title":"馆藏分布","desc":["本部校区","净月校区","图书馆馆藏分布"]},"resource/guide/library/door":{"title":"图书馆开门时间","desc":["本部校区","田家炳楼","净月校区"]},"resource/guide/library/floor":{"title":"图书馆楼层平面图","desc":["本部平面图","净月平面图"]},"resource/guide/library/index":{"title":"图书馆","desc":[]},"resource/guide/library/intro":{"title":"图书馆简介","desc":[]},"resource/guide/library/scene":{"title":"图书馆风貌","desc":["本部校区","净月校区"]},"resource/guide/library/search":{"title":"书目检索","desc":["OPAC使用指南","已借资料的查询与续借"]},"resource/guide/library/service":{"title":"其他服务","desc":["第一学习空间","WIFI","研究生厢","存包柜"]},"resource/guide/life/atm":{"title":"ATM机","desc":["ATM机位置"]},"resource/guide/life/bath":{"title":"洗浴","desc":["本部","净月","校外浴池"]},"resource/guide/life/card":{"title":"公交卡与地铁卡","desc":["办理IC卡","办理地铁卡"]},"resource/guide/life/haircut":{"title":"理发","desc":["本部","净月"]},"resource/guide/life/hostpital":{"title":"就医","desc":["校医院","校外医院"]},"resource/guide/life/index":{"title":"生活","desc":[]},"resource/guide/life/photo":{"title":"照相","desc":[]},"resource/guide/life/print":{"title":"打印","desc":["本部","净月"]},"resource/guide/life/shop":{"title":"超市","desc":["本部","本部校外"]},"resource/guide/life/ad/GR-haircut":{"title":"G·R 美发沙龙","desc":["理发价格","店铺环境"]},"resource/guide/life/express/benbu":{"title":"本部校区快递","desc":["学校(邮寄)地址","邮编","菜鸟驿站"]},"resource/guide/life/express/index":{"title":"快递","desc":[]},"resource/guide/life/express/jingyue":{"title":"净月快递","desc":["邮寄地址","邮编","快递中心","校园外快递中心","中医药大学北门点","其他","净月校区各生活点位置"]},"resource/guide/life/nearby/benbu":{"title":"本部周边","desc":["桂林路","红旗街","重庆路","文昌路","欧亚商都"]},"resource/guide/life/nearby/index":{"title":"校园周边","desc":[]},"resource/guide/life/nearby/jingyue":{"title":"净月周边","desc":["迅驰广场","后街","摩天活力城"]},"resource/guide/network/fee":{"title":"校园网计费","desc":["认证方式","校园网价格","校园网缴费方式"]},"resource/guide/network/index":{"title":"校园网","desc":[]},"resource/guide/network/lan":{"title":"有线上网","desc":[]},"resource/guide/network/wlan":{"title":"无线上网(Wifi)","desc":["联网步骤","覆盖范围","无线网优势"]},"resource/guide/organization/art-ensemble":{"title":"大学生艺术团","desc":[]},"resource/guide/organization/association-union":{"title":"学生社团联合会","desc":[]},"resource/guide/organization/career-center":{"title":"大学生创业中心","desc":[]},"resource/guide/organization/graduate-association":{"title":"研究生会","desc":[]},"resource/guide/organization/hongzhu":{"title":"红烛志愿者协会","desc":[]},"resource/guide/organization/hope":{"title":"厚普公益学校","desc":[]},"resource/guide/organization/index":{"title":"学生组织","desc":[]},"resource/guide/organization/marxism":{"title":"青马学会","desc":[]},"resource/guide/organization/new-media-center":{"title":"校学生会新媒体中心","desc":[]},"resource/guide/organization/newspaper-office":{"title":"《东师青年》报社","desc":[]},"resource/guide/organization/radio-station":{"title":"“东师之声”校园广播站","desc":["纳新简介","组织简介"]},"resource/guide/organization/sport-club":{"title":"大学生体育俱乐部","desc":[]},"resource/guide/organization/student-union":{"title":"学生会","desc":[]},"resource/guide/sim/index":{"title":"校园卡政策对比","desc":[]},"resource/guide/sim/mobile":{"title":"移动卡政策","desc":["38元不限量","49元 全国不限量","19元流量神卡"]},"resource/guide/sim/telecom":{"title":"电信卡政策","desc":["39元不限量","49元不限量"]},"resource/guide/sim/unicom":{"title":"联通卡政策","desc":["沃冰卡","地王卡"]},"resource/guide/study/index":{"title":"学习","desc":[]},"resource/guide/study/location-and-time":{"title":"上课时间","desc":[]},"resource/guide/study/net-course":{"title":"网络课程说明","desc":["智慧树","尔雅"]},"resource/guide/study/PE":{"title":"体育课说明","desc":["课程设置","给分标准","校园跑"]},"resource/guide/study/english/exemption":{"title":"英语免修评定","desc":[]},"resource/guide/study/english/intro":{"title":"英语课程说明","desc":["课程设置","考试以及成绩计算","更多详情"]},"resource/guide/study/scholarship/explain":{"title":"特殊说明","desc":["特殊说明"]},"resource/guide/study/scholarship/intro":{"title":"类型及评定时间","desc":[" 类型","评定时间"]},"resource/guide/subsidize/application":{"title":"申请流程","desc":["资助申请流程","资助对象申请流程","勤工助学岗位申请流程"]},"resource/guide/subsidize/index":{"title":"资助","desc":[]},"resource/guide/subsidize/intro":{"title":"学生资助机构","desc":["学生资助管理中心","学生资助工作组"]},"resource/guide/traffic/index":{"title":"交通","desc":["本部净月往返","本部/净月-火车站","本部/净月-飞机","本部/净月-主要商业圈"]},"resource/guide/traffic/open-time":{"title":"轨道交通运营地点及时间","desc":["本部净月往返","制作中..."]}}