{"title":"报到","shareable":true,"grey":true,"contact":true,"content":[{"tag":"list","heading":"到校路线","content":[{"text":"认准校区和校门","icon":"/module/icon/gate.svg","path":"locate"},{"text":"坐火车到校","icon":"/module/icon/train.svg","path":"arrival/train"},{"text":"坐飞机到校","icon":"/module/icon/plane.svg","path":"arrival/plane"},{"text":"关于打车","icon":"/module/icon/taxi.svg","path":"arrival/taxi"},{"text":"关于接站","icon":"/module/icon/pickup.svg","path":"arrival/pickup"}]},{"tag":"list","heading":"需带物品","content":[{"text":"需带物品","icon":"/module/icon/good.svg","path":"necessity"}]},{"tag":"list","heading":"报到流程","content":[{"text":"报到时间地点","icon":"/module/icon/libraryTime.svg","path":"location-and-time"},{"text":"报到流程","icon":"/module/icon/list.svg","path":"flow"},{"text":"缴费相关","icon":"/module/icon/pay.svg","path":"pay"},{"text":"绿色通道","icon":"/module/icon/greenTunnel.svg","path":"green-channel"},{"text":"使用校园卡","icon":"/icon/tabPage/card.svg","path":"/guide/card/prepare"},{"text":"防盗防骗攻略","icon":"/module/icon/safe.svg","path":"guard"},{"text":"入学体检","icon":"/icon/tabPage/heart.svg","path":"medical-examination"},{"text":"户口、团组织关系与其他","icon":"/module/icon/more.svg","path":"others"}]},{"tag":"footer","time":"2019/8/11"}],"images":[]}