{"title":"课程","shareable":true,"grey":true,"contact":true,"content":[{"tag":"list","heading":"本科课程设置","content":[{"text":"通识教育课程","icon":"/module/icon/typeTime.svg","path":"general"},{"text":"专业教育课程","icon":"/module/icon/typeTime.svg","path":"professional"},{"text":"发展课程课程","icon":"/module/icon/typeTime.svg","path":"develop"},{"text":"绩点计算方法","icon":"/module/icon/typeTime.svg","path":"calculate"},{"text":"本科课程计划","icon":"/module/icon/plan.svg","path":"plan"}]},{"tag":"list","heading":"选课","content":[{"text":"选课内容","icon":"/module/icon/content.svg","path":"select"},{"text":"选课流程","icon":"/module/icon/process.svg","path":"flow"},{"text":"选课系统","icon":"/module/icon/operate.svg","path":"system"},{"text":"选课技巧","icon":"/module/icon/skill.svg","path":"skill"}]},{"tag":"list","heading":"东师及专业排名","content":[{"text":"东师排名","icon":"/module/icon/nenuRanking.svg","path":"rank"},{"text":"专业排名","icon":"/module/icon/nenuRanking.svg","path":"major-rank"}]},{"tag":"list","heading":"双学位、辅修与转专业","content":[{"text":"获取双学位与辅修","icon":"/icon/tabPage/course.svg","path":"double-degree"},{"text":"转专业实施办法及注意事项","icon":"/icon/tabPage/course.svg","path":"change-major"}]},{"tag":"footer","author":"Mr.Hope","time":"2019/8/2"}],"images":[]}