{"title":"考试","grey":true,"content":[{"tag":"list","header":"体测","content":[{"text":"体测简介","icon":"/module/icon/basketball.svg","path":"exam/physical-examination/intro"},{"text":"测试成绩说明","icon":"/module/icon/info.svg","path":"exam/physical-examination/explain"},{"text":"测试项目评分表","icon":"/module/icon/score.svg","path":"exam/physical-examination/score"},{"text":"申请免测/缓测的条件及程序","icon":"/module/icon/apply.svg","path":"exam/physical-examination/exempt"}]},{"tag":"list","header":"英语","content":[{"text":"分班考试","icon":"/icon/tabPage/test.svg","path":"exam/grading-exam"},{"text":"东北师范大学英语水平测试","icon":"/module/icon/english.svg","path":"study/english/DET"},{"text":"四六级报考","icon":"/module/icon/CET.svg","path":"exam/CET"}]},{"tag":"list","header":"计算机","content":[{"text":"计算机等级考试说明","icon":"/module/icon/computer.svg","path":"exam/NCRE/intro"}]},{"tag":"footer","author":"Mr.Hope","time":"2020年7月17日"}],"shareable":true,"contact":true,"images":[],"id":"exam/index"}