{"title":"电子阅览室","shareable":true,"contact":true,"content":[{"tag":"title","text":"位置"},{"tag":"text","heading":"本部","text":["图书馆一楼进门左转"]},{"tag":"text","type":"p","text":["电子阅览室的账号和密码均为学号。每个人每学期有 60 学时的免费上机时间，需要到门口的机器上刷卡进行上下机操作。若超时后仍需上网请在圈存机处充值。一学时为 45 分钟"],"style":"text-indent: 1.5em; "},{"tag":"footer","author":"Mr.Hope","time":"2019年10月10日"}],"images":[],"id":"library/digit-room"}