{"title":"馆藏分布","content":[{"tag":"title","text":"本部校区"},{"tag":"img","src":"https://v3.mp.innenu.com/img/library/benbuGuanCang.png"},{"tag":"title","text":"净月校区"},{"tag":"img","src":"https://v3.mp.innenu.com/img/library/jingyueGuanCang.png"},{"tag":"title","text":"图书馆馆藏分布"},{"tag":"img","src":"https://v3.mp.innenu.com/img/library/jingyueGuanCang2.jfif"},{"tag":"footer","author":"Mr.Hope","time":"2019年8月10日"}],"shareable":true,"contact":true,"images":["https://v3.mp.innenu.com/img/library/benbuGuanCang.png","https://v3.mp.innenu.com/img/library/jingyueGuanCang.png","https://v3.mp.innenu.com/img/library/jingyueGuanCang2.jfif"],"id":"library/distribution"}