{"title":"图书馆开门时间","shareable":true,"contact":true,"content":[{"tag":"title","text":"本部校区"},{"tag":"img","src":"https://mp.innenu.com/img/library/benbuOpenTime.png"},{"tag":"title","text":"田家炳楼"},{"tag":"img","src":"https://mp.innenu.com/img/library/TianjiabingOpenTime.png"},{"tag":"title","text":"净月校区"},{"tag":"img","src":"https://mp.innenu.com/img/library/jingyueOpenTIme.png"},{"tag":"footer","author":"Mr.Hope","time":"2019年8月10日"}],"images":["https://mp.innenu.com/img/library/benbuOpenTime.png","https://mp.innenu.com/img/library/TianjiabingOpenTime.png","https://mp.innenu.com/img/library/jingyueOpenTIme.png"],"id":"library/door"}