{"title":"图书馆开门时间","shareable":true,"contact":true,"content":[{"tag":"title","text":"本部校区"},{"tag":"img","src":"https://v3.mp.innenu.com/img/library/benbuOpenTime.png"},{"tag":"title","text":"田家炳楼"},{"tag":"img","src":"https://v3.mp.innenu.com/img/library/TianjiabingOpenTime.png"},{"tag":"title","text":"净月校区"},{"tag":"img","src":"https://v3.mp.innenu.com/img/library/jingyueOpenTIme.png"},{"tag":"footer","author":"Mr.Hope","time":"2019年8月10日"}],"images":["https://v3.mp.innenu.com/img/library/benbuOpenTime.png","https://v3.mp.innenu.com/img/library/TianjiabingOpenTime.png","https://v3.mp.innenu.com/img/library/jingyueOpenTIme.png"],"id":"library/door","scopeData":{"@type":"general","uniq_id":"guide/library/door","cover":"https://v3.mp.innenu.com/img/library/benbuOpenTime.png","title":"图书馆开门时间","digest":"","thumbs":["https://v3.mp.innenu.com/img/library/benbuOpenTime.png","https://v3.mp.innenu.com/img/library/TianjiabingOpenTime.png","https://v3.mp.innenu.com/img/library/jingyueOpenTIme.png"],"tags":["本部校区","田家炳楼","净月校区"]}}