{"title":"图书馆","grey":true,"content":[{"tag":"list","header":"图书馆","content":[{"text":"馆藏分布","icon":"/module/icon/bookshelf.svg","path":"library/distribution"},{"text":"图书馆楼层平面图","icon":"/module/icon/floor-map.svg","path":"library/floor"},{"text":"书目检索","icon":"/module/icon/search.svg","path":"library/search"},{"text":"借书权限","icon":"/module/icon/borrow.svg","path":"library/borrow"},{"text":"图书馆开门时间","icon":"/module/icon/time.svg","path":"library/door"},{"text":"图书馆风貌","icon":"/module/icon/photo.svg","path":"library/scene"},{"text":"其他服务","icon":"/module/icon/service.svg","path":"library/service"},{"text":"借阅流程","icon":"/module/icon/flow.svg","path":"library/borrow-flow"},{"text":"图书馆简介","icon":"/module/icon/info.svg","path":"library/intro"},{"text":"电子阅览室","icon":"/module/icon/computer.svg","path":"library/digit-room"}]},{"tag":"footer","author":"Mr.Hope","time":"2019年8月10日"}],"shareable":true,"contact":true,"images":[],"id":"library/index","scopeData":{"@type":"general","uniq_id":"guide/library/index","title":"图书馆","digest":"","thumbs":[],"tags":[]}}