{"title":"其他服务","shareable":true,"content":[{"tag":"title","text":"第一学习空间"},{"tag":"text","type":"p","text":["第一学习空间在本部图书馆二楼南侧，环境优雅，有电风扇、小台灯和插座。"],"style":"text-indent: 1.5em; "},{"tag":"img","src":"https://v3.mp.innenu.com/img/library/learningPlace.jfif"},{"tag":"title","text":"WIFI"},{"tag":"text","type":"p","text":["校园网 Wifi 全覆盖"],"style":"text-indent: 1.5em; "},{"tag":"title","text":"研究生厢"},{"tag":"text","type":"p","text":["作用如其名，是留给考研的同学们，让你们可以在里面专心复习。本部图书馆地下一层、四层、五层、六层均有；净月校区图书馆四层、五层、六层均有。目前图书馆采用了新规定，研究生箱只对大三和大四的同学开放预约登记服务。"],"style":"text-indent: 1.5em; "},{"tag":"img","src":"https://v3.mp.innenu.com/img/library/researchBox1.jfif"},{"tag":"img","src":"https://v3.mp.innenu.com/img/library/researchBox2.jfif"},{"tag":"title","text":"存包柜"},{"tag":"text","type":"p","text":["本部图书馆各楼层设有存包柜；净月校区三层、四层、五层各设有存包柜。输入密码即可使用，每晚闭馆前请取走所有贵重物品。"],"style":"text-indent: 1.5em; "},{"tag":"footer","author":"Mr.Hope","time":"2019年10月10日"}],"images":["https://v3.mp.innenu.com/img/library/learningPlace.jfif","https://v3.mp.innenu.com/img/library/researchBox1.jfif","https://v3.mp.innenu.com/img/library/researchBox2.jfif"],"id":"library/service","scopeData":{"@type":"general","uniq_id":"guide/library/service","cover":"https://v3.mp.innenu.com/img/library/learningPlace.jfif","title":"其他服务","digest":"第一学习空间在本部图书馆二楼南侧，环境优雅，有电风扇、小台灯和插座。校园网 Wifi 全覆盖作用如其名，是留给考研的同学们，让你们可以在里面专心复习。本部图书馆地下一层、四层、五层、六层均有；净月校区图书馆四层、五层、六层均有。目前图书馆采","thumbs":["https://v3.mp.innenu.com/img/library/learningPlace.jfif","https://v3.mp.innenu.com/img/library/researchBox1.jfif","https://v3.mp.innenu.com/img/library/researchBox2.jfif"],"tags":["第一学习空间","WIFI","研究生厢","存包柜"]}}