{"title":"学习","shareable":true,"grey":true,"contact":true,"content":[{"tag":"list","heading":"日常学习","content":[{"text":"上课时间、地点","icon":"/module/icon/scholarship.svg","path":"location-and-time"}]},{"tag":"list","heading":"奖学金","content":[{"text":"类型及评定时间","icon":"/module/icon/scholarship.svg","path":"scholarship/intro"},{"text":"特别说明","icon":"/module/icon/attentionItem.svg","path":"scholarship/explain"}]},{"tag":"list","heading":"公共课程","content":[{"text":"体育课说明","icon":"/module/icon/bodyMeasureTime.svg","path":"PE"},{"text":"网课说明","icon":"/module/icon/wifi.svg","path":"net-course"}]},{"tag":"list","heading":"英语课程说明","content":[{"text":"英语课程简介","icon":"/module/icon/English.svg","path":"english/intro"},{"text":"免修评定","icon":"/module/icon/English.svg","path":"english/exemption"}]},{"tag":"footer","author":"Mr.Hope","time":"2019/9/6"}],"images":[]}