[{"time":0,"text":"作曲: 音乐2007级研究生王铁卫"},{"time":1,"text":"作词: 传媒2008级本科生石彦伟"},{"time":36.5,"text":"就在这个夏天，时光突然变得很慢"},{"time":43.5,"text":"船已靠岸，我们的故事还没有讲完"},{"time":50.5,"text":"就让静湖的花，芬芳我怒放的瞬间"},{"time":57.5,"text":"就让钟楼的雪，飘荡我纯洁的流年"},{"time":64.5,"text":"告诉我的同伴，寻梦路口还会相见"},{"time":70.5,"text":"告诉老师，一船的星辉为你而斑斓"},{"time":78.5,"text":"就让勤奋的心，飞翔在创造的山巅"},{"time":85.5,"text":"就让尊重的爱"},{"time":89.5,"text":"融化成最美的语言"},{"time":95.5,"text":"我们的青春，眷恋在远行的海岸"},{"time":102.5,"text":"昨天的风唱着激情的歌，吹湿了年轻的眼"},{"time":108.5,"text":"我们的大学，妈妈最美的笑颜"},{"time":115,"text":"你守护孩子的家，怀念在岁岁年年"},{"time":124,"text":"我们的青春，挥手在远行的海岸"},{"time":131,"text":"明天的风读着理想的诗，吹起了光荣的帆"},{"time":137.5,"text":"我们的大学，妈妈最美的笑颜"},{"time":144,"text":"你照亮孩子的路，穿行在万水千山"},{"time":154,"text":"再见，再见，就这样轻轻走远"},{"time":167,"text":"再见，再见，远方有你，今宵别梦寒"},{"time":180},{"time":213,"text":"就在这个夏天，时光突然变得很慢"},{"time":220,"text":"船已靠岸，我们的故事还没有讲完"},{"time":227,"text":"就让静湖的花，芬芳我怒放的瞬间"},{"time":234,"text":"就让钟楼的雪，飘荡我纯洁的流年"},{"time":241,"text":"告诉我的同伴，寻梦路口还会相见"},{"time":248,"text":"告诉老师，一船的星辉为你而斑斓"},{"time":255,"text":"就让勤奋的心，飞翔在创造的山巅"},{"time":262,"text":"就让尊重的爱，融化成最美的语言"},{"time":272,"text":"我们的青春，眷恋在远行的海岸"},{"time":279,"text":"昨天的风唱着激情的歌，吹湿了年轻的眼"},{"time":285,"text":"我们的大学，妈妈最美的笑颜"},{"time":292.5,"text":"你守护孩子的家"},{"time":296.5,"text":"怀念在岁岁年年"},{"time":301.5,"text":"我们的青春，挥手在远行的海岸"},{"time":308.5,"text":"明天的风读着理想的诗，吹起了光荣的帆"},{"time":314.5,"text":"我们的大学，妈妈最美的笑颜"},{"time":322,"text":"你照亮孩子的路，穿行在万水千山"},{"time":331.5,"text":"再见，再见，就这样轻轻走远"},{"time":344.5,"text":"再见，再见，远方有你，芳草碧连天"},{"time":352.5,"text":"远方有你，芳草碧连天"},{"time":358.5,"text":"远方有你，芳草碧连天"}]