[{"time":0.631,"text":"一生有你"},{"time":4.001,"text":"演唱: 朴正敏"},{"time":6.979,"text":"作曲: 卢庚戌"},{"time":9.774,"text":"作词: 卢庚戌"},{"time":12.308,"text":"歌词: Mr.Hope"},{"time":14.607},{"time":22.705,"text":"因为梦见你离开"},{"time":27.459,"text":"我从哭泣中醒来"},{"time":32.605,"text":"看夜风吹过窗台"},{"time":36.001,"text":"你能否感受我的爱"},{"time":42.114,"text":"等到老去那一天"},{"time":46.79,"text":"你是否还在我身边"},{"time":51.779,"text":"看那些誓言谎言"},{"time":55.41,"text":"随往事慢慢飘散"},{"time":63.273,"text":"多少人曾爱慕你年轻时的容颜"},{"time":68.053,"text":"可知谁愿承受岁月无情的变迁"},{"time":73.043,"text":"多少人曾在你生命中来了又还"},{"time":77.849,"text":"可知一生有你我都陪在你身边"},{"time":83.622},{"time":103.084,"text":"因为梦见你离开"},{"time":107.603,"text":"我从哭泣中醒来"},{"time":112.801,"text":"看夜风吹过窗台"},{"time":116.667,"text":"你能否感受我的爱"},{"time":122.623,"text":"等到老去那一天"},{"time":127.273,"text":"你是否还在我身边"},{"time":132.262,"text":"看那些誓言谎言"},{"time":135.92,"text":"随往事慢慢飘散"},{"time":143.861,"text":"多少人曾爱慕你年轻时的容颜"},{"time":148.693,"text":"可知谁愿承受岁月无情的变迁"},{"time":153.813,"text":"多少人曾在你生命中来了又还"},{"time":158.594,"text":"可知一生有你我都陪在你身边"},{"time":166.222,"text":"当所有一切都已看平淡"},{"time":173.98,"text":"是否有一种坚持还留在心间"},{"time":180.537,"text":"Wu Wu~ Wu~"},{"time":188.138,"text":"多少人曾爱慕你年轻时的容颜"},{"time":193.049,"text":"可知谁愿承受岁月无情的变迁"},{"time":197.96,"text":"多少人曾在你生命中来了又还"},{"time":202.871,"text":"可知一生有你我都陪在你身边"},{"time":207.782,"text":"多少人曾爱慕你年轻时的容颜"},{"time":212.641,"text":"可知谁愿承受岁月无情的变迁"},{"time":217.552,"text":"多少人曾在你生命中来了又还"},{"time":222.463,"text":"可知一生有你我都陪在你身边"}]