[{"time":2.068,"text":"师大师大"},{"time":4.158,"text":"改编自: 斑马斑马"},{"time":6.692,"text":"演唱: 朴正敏"},{"time":9.539,"text":"歌词: Mr.Hope"},{"time":11.394},{"time":15.051,"text":"东北，师大"},{"time":18.29,"text":"我即将离开了"},{"time":21.947,"text":"再给我看看你"},{"time":24.507,"text":"静湖的荷花"},{"time":29.236,"text":"我不想要遗忘你"},{"time":32.971,"text":"湖畔风华"},{"time":36.498,"text":"我只想陪伴你的冬夏"},{"time":44.125,"text":"东北，师大"},{"time":47.417,"text":"我就要离开了"},{"time":50.943,"text":"可你拥有着"},{"time":53.164,"text":"我最美的年华"},{"time":58.205,"text":"寝室楼里可有一扇门"},{"time":62.124,"text":"为我留着吗"},{"time":65.65,"text":"我还记得门上的号码"},{"time":71.763},{"time":102.091,"text":"东北，师大"},{"time":105.435,"text":"曾经的人们呐 都散了"},{"time":109.17,"text":"紫光桥上有过"},{"time":111.234,"text":"多少故事啊"},{"time":116.458,"text":"旭日广场的夕阳"},{"time":120.194,"text":"如果不能留下"},{"time":124.112,"text":"那就请你记得我吧"},{"time":131.505,"text":"东北，师大"},{"time":134.849,"text":"冬天还会来吧"},{"time":138.558,"text":"铲雪声声回荡"},{"time":140.726,"text":"一下 一下"},{"time":145.951,"text":"东北，师大"},{"time":149.529,"text":"回首望着你啊"},{"time":153.108,"text":"然后背上行囊"},{"time":155.146,"text":"奔向远方"},{"time":160.919,"text":"东北，师大"},{"time":163.923,"text":"你听见了么"},{"time":167.658,"text":"有些来不及"},{"time":169.304,"text":"说出的心里话"},{"time":175.156,"text":"东北，师大"},{"time":178.499,"text":"我会想念你的"},{"time":182.182,"text":"我把你的记忆"},{"time":184.246,"text":"带回故乡"},{"time":189.941,"text":"东北，师大"},{"time":192.971,"text":"轻轻的我走了"},{"time":196.733,"text":"我只是个匆忙的旅人啊"},{"time":204.465,"text":"东北，师大"},{"time":207.417,"text":"荷花又要开了"},{"time":211.178,"text":"我愿重回那年盛夏"},{"time":216.978,"text":"再遇师大"},{"time":227.792}]