[{"time":1.572,"text":"微微一笑很东师"},{"time":5.882,"text":"改编自: 微微一笑很倾城"},{"time":9.513,"text":"演唱: 朴正敏"},{"time":12.308,"text":"歌词: Mr.Hope"},{"time":14.215},{"time":16.932,"text":"清晨静湖风光正好"},{"time":20.406,"text":"微风轻抚过紫光桥"},{"time":23.933,"text":"你给的暗号"},{"time":25.683,"text":"微微一笑"},{"time":27.538,"text":"这相遇刚刚好"},{"time":31.142,"text":"学林路上蜿蜒小道"},{"time":34.852,"text":"钟声伴随旭日舞蹈"},{"time":38.274,"text":"每分和每秒"},{"time":39.946,"text":"都在这里"},{"time":41.827,"text":"停驻所有美好"},{"time":45.484,"text":"不管到天涯海角"},{"time":49.036,"text":"有共同坐标"},{"time":52.746,"text":"想记录东师的好"},{"time":55.959,"text":"让全世界知道"},{"time":59.903,"text":"柳园的风静湖的月是那么美妙"},{"time":63.404,"text":"没有谁能够代替你带给我的笑"},{"time":66.904,"text":"相遇 因为东师更美好"},{"time":70.561,"text":"回忆一辈子抓牢"},{"time":74.271,"text":"落雪成白微风荷举美得很刚好"},{"time":77.745,"text":"年少时候的梦想你全部都知道"},{"time":81.167,"text":"牵着我的手慢慢寻找"},{"time":84.772,"text":"你对我多么重要"},{"time":88.612},{"time":95.743,"text":"勤奋创新为人师表"},{"time":99.322,"text":"是我们之间的暗号"},{"time":102.849,"text":"南门前擦肩"},{"time":104.599,"text":"微微一笑"},{"time":106.297,"text":"这回首太美妙"},{"time":109.98,"text":"不管到天涯海角"},{"time":113.428,"text":"有各自坐标"},{"time":117.19,"text":"想记录东师的好"},{"time":120.533,"text":"让全世界知道"},{"time":124.373,"text":"旭日广场钟楼的歌是那么美妙"},{"time":127.691,"text":"多年以后依旧怀念你对我的好"},{"time":131.322,"text":"相遇 因为东师更美好"},{"time":134.849,"text":"回忆一辈子抓牢"},{"time":138.636,"text":"落雪成白微风荷举美得很刚好"},{"time":142.241,"text":"年少时候的梦想你全部都知道"},{"time":145.559,"text":"牵着我的手慢慢寻找"},{"time":149.32,"text":"你对我多么重要"},{"time":153.108,"text":"撑过的伞吹过的风岁月尚安好"},{"time":156.4,"text":"年少时候的梦想你全部都知道"},{"time":159.874,"text":"紧紧依靠你每分每秒"},{"time":163.557,"text":"你对我多么重要"},{"time":167.214,"text":"我们的缘分就是青春遇见梦想"},{"time":170.819,"text":"四年的时光飞逝记忆不会变老"},{"time":174.267,"text":"青春的相册里你是最好"},{"time":178.107,"text":"你对我多么重要"},{"time":181.738,"text":"你的名字有梦的味道"},{"time":185.317,"text":"你对我多么重要"},{"time":188.87,"text":"遇见你有多美好"},{"time":198.248}]