[
  {
    "tag": "head",
    "title": "首页",
    "hidden": true
  },
  {
    "tag": "p",
    "head": " ",
    "text": "   9月5日凌晨0:21分至0:44分，在三舍C面前空地上，有数人从事切割工作，噪音分贝最高达到70dB，这严重影响了我校学生的睡眠，此事Mr.Hope已经知晓。Mr.Hope会以自己个人身份，询问学校相关部门，尽量给大家争取一个解释。"
  },
  {
    "tag": "media",
    "type": "video",
    "src": "https://mp.innenu.com/file/noise.mp4"
  },
  {
    "tag": "img",
    "src": "https://mp.innenu.com/img/FAQ/noise.jpg",
    "desc": "最高分贝在三舍B高层窗口测量就已达到70分贝以上"
  },
  {
    "tag": "p",
    "head": " ",
    "text": [
      "   中国现行的国家标准为《GB 3096-2008》《声环境质量标准》和《GB 22337-2008》《社会生活环境噪声》两大标准。 [1]  其中，《声环境质量标准》规定了五类声环境功能区的环境噪声限值及测量方法，适用于声环境质量评价与管理，但不适于机场周围区域受飞机通过（起飞、降落、低空飞越）噪声的影响； [2]  《社会生活环境噪声》规定了营业性文化场所和商业经营活动中可能产生环境噪声污染的设备、设施边界噪声排放限限值和测量方法，适用于其产生噪声的管理、评价和控制。",
      "1类标准适用于以居住、文教机关为主的区域。乡村居住环境可参照执行该类标准。适用于我们学校。昼间噪声不得超过55分贝，夜间不得超过45分贝。"
    ]
  },
  {
    "tag": "p",
    "head": " ",
    "style": "font-size:14px;color:#888;",
    "text": "   如果您还有什么疑问，但是小程序中没有提及的，欢迎联系QQ1178522294咨询。"
  }
]
