[
  {
    "tag": "head",
    "title": "社团",
    "grey": true,
    "shareable": true,
    "contact": true
  },
  {
    "tag": "list",
    "head": "本部校区",
    "content": [
      {
        "text": "卓音网络工作室",
        "aim": "corporation2",
        "icon": "https://mp.innenu.com/img/corporation/joinin.png"
      },
      {
        "text": "大学生记者团",
        "aim": "corporation3",
        "icon": "https://mp.innenu.com/img/corporation/jizhetuan.png"
      },
      {
        "text": "东北师范大学国际学生交流协会",
        "icon": "https://mp.innenu.com/img/corporation/NISA.png",
        "aim": "corporation10"
      },
      {
        "text": "师说曲艺社",
        "aim": "corporation8",
        "icon": "https://mp.innenu.com/img/corporation/quyi.png"
      },
      {
        "text": "青音吉他社",
        "aim": "corporation4"
      },
      {
        "text": "“V·梦”创新创业协会",
        "aim": "corporation5"
      },
      {
        "text": "科技爱好者协会",
        "aim": "corporation6"
      },
      {
        "text": "天宇协会",
        "aim": "corporation7"
      }
    ]
  },
  {
    "tag": "list",
    "head": "净月校区",
    "content": [
      {
        "text": "5A职业发展协会",
        "icon": "https://mp.innenu.com/img/corporation/5Alogo.png",
        "aim": "corporation9"
      }
    ]
  },
  {
    "tag": "p",
    "head": "入驻说明",
    "text": "   欢迎社团入驻本页面，请联系QQ1178522294"
  },
  {
    "tag": "list",
    "head": "入驻中...",
    "content": [
      {
        "text": "心理协会",
        "aim": "corporation1"
      },
      {
        "text": "翩鸿汉服社",
        "aim": "corporation1"
      },
      {
        "text": "安之若素古风社团",
        "aim": "corporation1"
      },
      {
        "text": "英国议会制全英辩论俱乐部",
        "aim": "corporation1"
      },
      {
        "text": "锅庄舞协会",
        "aim": "corporation1"
      },
      {
        "text": "棒垒球社团",
        "aim": "corporation1"
      },
      {
        "text": "公费师范生协会",
        "aim": "corporation1"
      },
      {
        "text": "数学建模协会",
        "aim": "corporation1"
      },
      {
        "text": "花园梦儿童文学协会",
        "aim": "corporation1"
      },
      {
        "text": "中华古诗词吟诵团",
        "aim": "corporation1"
      },
      {
        "text": "小个协会",
        "aim": "corporation1"
      },
      {
        "text": "城乡规划协会",
        "aim": "corporation1"
      },
      {
        "text": "辅仁国学社",
        "aim": "corporation1"
      },
      {
        "text": "心桥手语社",
        "aim": "corporation1"
      },
      {
        "text": "大学生法制教育研习社",
        "aim": "corporation1"
      },
      {
        "text": "演讲与口才协会",
        "aim": "corporation1"
      },
      {
        "text": "绿色动力环保志愿者协会",
        "aim": "corporation1"
      },
      {
        "text": "“原”诗社",
        "aim": "corporation1"
      },
      {
        "text": "启思教师技能协会",
        "aim": "corporation1"
      },
      {
        "text": "爱创影视协会",
        "aim": "corporation1"
      },
      {
        "text": "Idea爱电影协会",
        "aim": "corporation1"
      },
      {
        "text": "风信子心理社会服务社团",
        "aim": "corporation1"
      },
      {
        "text": "D.N.A协会",
        "aim": "corporation1"
      },
      {
        "text": "史学协会",
        "aim": "corporation1"
      },
      {
        "text": "千格刀笔油画协会",
        "aim": "corporation1"
      },
      {
        "text": "绿窗文学社",
        "aim": "corporation1"
      },
      {
        "text": "足球裁判协会",
        "aim": "corporation1"
      },
      {
        "text": "清雨坊书画协会",
        "aim": "corporation1"
      },
      {
        "text": "GIS新希望协会",
        "aim": "corporation1"
      },
      {
        "text": "爱踏足旅游协会",
        "aim": "corporation1"
      },
      {
        "text": "红丝带志愿者协会",
        "aim": "corporation1"
      },
      {
        "text": "英语协会",
        "aim": "corporation1"
      },
      {
        "text": "乐群学社",
        "aim": "corporation1"
      },
      {
        "text": "疯狂英语秀俱乐部",
        "aim": "corporation1"
      }
    ]
  },
  {
    "tag": "foot",
    "author": "Mr.Hope",
    "time": "2019/8/19"
  }
]
